dteday,mnth,hr,holiday,weekday,workingday,weathersit,temp,atemp,casual,registered
23/9/2012,9,0,0,0,0,1,0.62,0.6212,34,146
23/9/2012,9,1,0,0,0,1,0.54,0.5152,23,119
23/9/2012,9,2,0,0,0,1,0.52,0.5,18,77
23/9/2012,9,3,0,0,0,1,0.48,0.4697,13,41
23/9/2012,9,4,0,0,0,1,0.46,0.4545,1,9
23/9/2012,9,5,0,0,0,1,0.46,0.4545,1,5
23/9/2012,9,6,0,0,0,1,0.44,0.4394,5,11
23/9/2012,9,7,0,0,0,1,0.46,0.4545,9,48
23/9/2012,9,8,0,0,0,1,0.48,0.4697,38,137
23/9/2012,9,9,0,0,0,1,0.5,0.4848,71,205
23/9/2012,9,10,0,0,0,1,0.54,0.5152,138,351
23/9/2012,9,11,0,0,0,1,0.56,0.5303,186,384
23/9/2012,9,12,0,0,0,1,0.56,0.5303,250,526
23/9/2012,9,13,0,0,0,1,0.6,0.6212,257,445
23/9/2012,9,14,0,0,0,1,0.6,0.6212,266,400
23/9/2012,9,15,0,0,0,1,0.6,0.6212,265,375
23/9/2012,9,16,0,0,0,1,0.6,0.6212,254,437
23/9/2012,9,17,0,0,0,1,0.56,0.5303,227,496
23/9/2012,9,18,0,0,0,1,0.54,0.5152,135,405
23/9/2012,9,19,0,0,0,1,0.52,0.5,82,331
23/9/2012,9,20,0,0,0,1,0.52,0.5,60,192
23/9/2012,9,21,0,0,0,2,0.52,0.5,51,145
23/9/2012,9,22,0,0,0,1,0.52,0.5,40,98
23/9/2012,9,23,0,0,0,2,0.5,0.4848,30,70
24/9/2012,9,0,0,1,1,1,0.46,0.4545,10,54
24/9/2012,9,1,0,1,1,1,0.46,0.4545,6,12
24/9/2012,9,2,0,1,1,2,0.46,0.4545,0,8
24/9/2012,9,3,0,1,1,1,0.46,0.4545,0,5
24/9/2012,9,4,0,1,1,1,0.44,0.4394,0,8
24/9/2012,9,5,0,1,1,1,0.46,0.4545,2,35
24/9/2012,9,6,0,1,1,1,0.46,0.4545,6,162
24/9/2012,9,7,0,1,1,1,0.46,0.4545,17,513
24/9/2012,9,8,0,1,1,1,0.5,0.4848,31,719
24/9/2012,9,9,0,1,1,1,0.52,0.5,42,286
24/9/2012,9,10,0,1,1,1,0.54,0.5152,52,146
24/9/2012,9,11,0,1,1,1,0.56,0.5303,71,167
24/9/2012,9,12,0,1,1,1,0.56,0.5303,77,265
24/9/2012,9,13,0,1,1,1,0.6,0.6212,80,248
24/9/2012,9,14,0,1,1,1,0.6,0.6061,77,226
24/9/2012,9,15,0,1,1,1,0.6,0.6212,84,216
24/9/2012,9,16,0,1,1,1,0.58,0.5455,99,417
24/9/2012,9,17,0,1,1,1,0.58,0.5455,89,809
24/9/2012,9,18,0,1,1,1,0.54,0.5152,95,758
24/9/2012,9,19,0,1,1,1,0.52,0.5,56,534
24/9/2012,9,20,0,1,1,1,0.52,0.5,52,380
24/9/2012,9,21,0,1,1,1,0.5,0.4848,26,230
24/9/2012,9,22,0,1,1,1,0.5,0.4848,18,154
24/9/2012,9,23,0,1,1,1,0.46,0.4545,11,83
25/9/2012,9,0,0,2,1,1,0.46,0.4545,8,56
25/9/2012,9,1,0,2,1,1,0.44,0.4394,2,11
25/9/2012,9,2,0,2,1,1,0.42,0.4242,5,9
25/9/2012,9,3,0,2,1,1,0.42,0.4242,2,3
25/9/2012,9,4,0,2,1,1,0.42,0.4242,2,7
25/9/2012,9,5,0,2,1,1,0.42,0.4242,1,46
25/9/2012,9,6,0,2,1,1,0.44,0.4394,5,189
25/9/2012,9,7,0,2,1,1,0.44,0.4394,17,539
25/9/2012,9,8,0,2,1,1,0.48,0.4697,41,764
25/9/2012,9,9,0,2,1,1,0.54,0.5152,28,381
25/9/2012,9,10,0,2,1,1,0.56,0.5303,45,125
25/9/2012,9,11,0,2,1,1,0.6,0.6212,63,155
25/9/2012,9,12,0,2,1,1,0.62,0.6212,69,233
25/9/2012,9,13,0,2,1,1,0.64,0.6212,48,257
25/9/2012,9,14,0,2,1,1,0.66,0.6212,80,213
25/9/2012,9,15,0,2,1,1,0.66,0.6212,56,247
25/9/2012,9,16,0,2,1,1,0.66,0.6212,59,436
25/9/2012,9,17,0,2,1,1,0.66,0.6212,107,860
25/9/2012,9,18,0,2,1,1,0.64,0.6212,64,758
25/9/2012,9,19,0,2,1,1,0.62,0.6212,49,490
25/9/2012,9,20,0,2,1,1,0.6,0.6212,37,388
25/9/2012,9,21,0,2,1,1,0.6,0.6212,34,263
25/9/2012,9,22,0,2,1,1,0.6,0.6212,14,174
25/9/2012,9,23,0,2,1,1,0.6,0.6212,9,89
26/9/2012,9,0,0,3,1,1,0.58,0.5455,6,34
26/9/2012,9,1,0,3,1,1,0.58,0.5455,10,19
26/9/2012,9,2,0,3,1,2,0.58,0.5455,2,15
26/9/2012,9,3,0,3,1,2,0.58,0.5455,4,6
26/9/2012,9,4,0,3,1,1,0.56,0.5303,2,12
26/9/2012,9,5,0,3,1,1,0.56,0.5303,1,35
26/9/2012,9,6,0,3,1,1,0.54,0.5152,3,179
26/9/2012,9,7,0,3,1,1,0.54,0.5152,9,523
26/9/2012,9,8,0,3,1,1,0.56,0.5303,30,808
26/9/2012,9,9,0,3,1,1,0.6,0.6061,27,307
26/9/2012,9,10,0,3,1,1,0.6,0.5909,29,156
26/9/2012,9,11,0,3,1,1,0.64,0.6212,46,181
26/9/2012,9,12,0,3,1,1,0.68,0.6364,56,260
26/9/2012,9,13,0,3,1,1,0.7,0.6515,67,273
26/9/2012,9,14,0,3,1,1,0.74,0.6667,60,217
26/9/2012,9,15,0,3,1,1,0.74,0.6667,69,231
26/9/2012,9,16,0,3,1,1,0.74,0.6667,71,397
26/9/2012,9,17,0,3,1,1,0.74,0.6667,77,876
26/9/2012,9,18,0,3,1,1,0.74,0.6667,69,815
26/9/2012,9,19,0,3,1,1,0.7,0.6515,38,589
26/9/2012,9,20,0,3,1,1,0.66,0.6212,45,389
26/9/2012,9,21,0,3,1,1,0.66,0.6212,32,328
26/9/2012,9,22,0,3,1,3,0.62,0.6061,21,194
26/9/2012,9,23,0,3,1,2,0.6,0.5758,13,102
27/9/2012,9,0,0,4,1,1,0.6,0.5758,5,60
27/9/2012,9,1,0,4,1,1,0.6,0.5758,5,16
27/9/2012,9,2,0,4,1,1,0.6,0.5758,3,13
27/9/2012,9,3,0,4,1,1,0.6,0.5758,0,7
27/9/2012,9,4,0,4,1,1,0.56,0.5303,2,6
27/9/2012,9,5,0,4,1,1,0.58,0.5455,2,64
27/9/2012,9,6,0,4,1,1,0.56,0.5303,5,164
27/9/2012,9,7,0,4,1,1,0.6,0.5758,12,546
27/9/2012,9,8,0,4,1,1,0.62,0.6061,20,774
27/9/2012,9,9,0,4,1,1,0.66,0.6212,30,305
27/9/2012,9,10,0,4,1,2,0.7,0.6515,40,168
27/9/2012,9,11,0,4,1,2,0.72,0.6667,67,227
27/9/2012,9,12,0,4,1,2,0.74,0.6667,63,272
27/9/2012,9,13,0,4,1,2,0.74,0.6667,61,265
27/9/2012,9,14,0,4,1,2,0.76,0.6818,44,214
27/9/2012,9,15,0,4,1,2,0.76,0.6818,41,255
27/9/2012,9,16,0,4,1,2,0.72,0.6667,73,399
27/9/2012,9,17,0,4,1,2,0.66,0.6212,87,818
27/9/2012,9,18,0,4,1,2,0.66,0.6212,77,822
27/9/2012,9,19,0,4,1,1,0.66,0.6212,48,511
27/9/2012,9,20,0,4,1,2,0.64,0.6061,45,412
27/9/2012,9,21,0,4,1,3,0.62,0.5758,18,235
27/9/2012,9,22,0,4,1,3,0.62,0.5758,2,45
27/9/2012,9,23,0,4,1,3,0.62,0.5758,1,44
28/9/2012,9,0,0,5,1,3,0.6,0.5455,2,15
28/9/2012,9,1,0,5,1,3,0.6,0.5455,0,13
28/9/2012,9,2,0,5,1,3,0.6,0.5455,1,9
28/9/2012,9,3,0,5,1,2,0.6,0.5606,0,7
28/9/2012,9,4,0,5,1,3,0.56,0.5303,2,10
28/9/2012,9,5,0,5,1,1,0.56,0.5303,1,37
28/9/2012,9,6,0,5,1,2,0.56,0.5303,2,136
28/9/2012,9,7,0,5,1,2,0.56,0.5303,10,384
28/9/2012,9,8,0,5,1,1,0.6,0.5606,31,674
28/9/2012,9,9,0,5,1,2,0.62,0.5758,27,399
28/9/2012,9,10,0,5,1,2,0.64,0.5909,51,194
28/9/2012,9,11,0,5,1,2,0.66,0.6212,109,252
28/9/2012,9,12,0,5,1,2,0.7,0.6515,94,286
28/9/2012,9,13,0,5,1,2,0.7,0.6515,106,304
28/9/2012,9,14,0,5,1,2,0.7,0.6515,105,294
28/9/2012,9,15,0,5,1,2,0.68,0.6364,104,288
28/9/2012,9,16,0,5,1,2,0.66,0.6212,83,419
28/9/2012,9,17,0,5,1,2,0.66,0.6212,101,707
28/9/2012,9,18,0,5,1,2,0.64,0.6212,58,609
28/9/2012,9,19,0,5,1,3,0.62,0.6212,38,470
28/9/2012,9,20,0,5,1,3,0.6,0.6212,32,304
28/9/2012,9,21,0,5,1,3,0.6,0.6212,32,205
28/9/2012,9,22,0,5,1,2,0.58,0.5455,30,190
28/9/2012,9,23,0,5,1,2,0.56,0.5303,26,164
29/9/2012,9,0,0,6,0,1,0.54,0.5152,15,134
29/9/2012,9,1,0,6,0,1,0.54,0.5152,12,89
29/9/2012,9,2,0,6,0,2,0.54,0.5152,12,80
29/9/2012,9,3,0,6,0,2,0.52,0.5,4,25
29/9/2012,9,4,0,6,0,1,0.52,0.5,6,8
29/9/2012,9,5,0,6,0,1,0.5,0.4848,2,13
29/9/2012,9,6,0,6,0,1,0.5,0.4848,4,33
29/9/2012,9,7,0,6,0,1,0.48,0.4697,12,61
29/9/2012,9,8,0,6,0,1,0.5,0.4848,37,174
29/9/2012,9,9,0,6,0,1,0.5,0.4848,69,263
29/9/2012,9,10,0,6,0,1,0.54,0.5152,134,338
29/9/2012,9,11,0,6,0,1,0.56,0.5303,217,446
29/9/2012,9,12,0,6,0,1,0.62,0.6212,191,491
29/9/2012,9,13,0,6,0,1,0.62,0.6212,233,453
29/9/2012,9,14,0,6,0,1,0.6,0.6212,302,448
29/9/2012,9,15,0,6,0,1,0.6,0.6212,271,456
29/9/2012,9,16,0,6,0,1,0.62,0.6212,275,447
29/9/2012,9,17,0,6,0,1,0.6,0.6212,256,456
29/9/2012,9,18,0,6,0,1,0.56,0.5303,174,420
29/9/2012,9,19,0,6,0,1,0.52,0.5,119,351
29/9/2012,9,20,0,6,0,1,0.52,0.5,88,227
29/9/2012,9,21,0,6,0,1,0.52,0.5,73,219
29/9/2012,9,22,0,6,0,1,0.5,0.4848,48,173
29/9/2012,9,23,0,6,0,1,0.5,0.4848,35,161
30/9/2012,9,0,0,0,0,1,0.5,0.4848,35,112
30/9/2012,9,1,0,0,0,1,0.5,0.4848,31,85
30/9/2012,9,2,0,0,0,1,0.48,0.4697,21,71
30/9/2012,9,3,0,0,0,1,0.46,0.4545,17,41
30/9/2012,9,4,0,0,0,1,0.46,0.4545,1,6
30/9/2012,9,5,0,0,0,1,0.44,0.4394,1,9
30/9/2012,9,6,0,0,0,1,0.44,0.4394,2,20
30/9/2012,9,7,0,0,0,1,0.44,0.4394,14,43
30/9/2012,9,8,0,0,0,1,0.48,0.4697,18,126
30/9/2012,9,9,0,0,0,1,0.52,0.5,74,211
30/9/2012,9,10,0,0,0,1,0.58,0.5455,160,319
30/9/2012,9,11,0,0,0,1,0.6,0.6212,222,369
30/9/2012,9,12,0,0,0,1,0.62,0.6212,206,474
30/9/2012,9,13,0,0,0,1,0.62,0.6212,180,414
30/9/2012,9,14,0,0,0,1,0.62,0.6212,208,404
30/9/2012,9,15,0,0,0,1,0.64,0.6212,230,419
30/9/2012,9,16,0,0,0,1,0.64,0.6212,202,446
30/9/2012,9,17,0,0,0,1,0.62,0.6212,195,380
30/9/2012,9,18,0,0,0,1,0.52,0.5,91,310
30/9/2012,9,19,0,0,0,3,0.5,0.4848,34,223
30/9/2012,9,20,0,0,0,3,0.5,0.4848,31,163
30/9/2012,9,21,0,0,0,1,0.5,0.4848,19,104
30/9/2012,9,22,0,0,0,1,0.48,0.4697,15,76
30/9/2012,9,23,0,0,0,1,0.48,0.4697,8,49
1/10/2012,10,0,0,1,1,1,0.46,0.4545,6,39
1/10/2012,10,1,0,1,1,1,0.44,0.4394,5,13
1/10/2012,10,2,0,1,1,1,0.46,0.4545,6,6
1/10/2012,10,3,0,1,1,1,0.44,0.4394,1,6
1/10/2012,10,4,0,1,1,1,0.42,0.4242,0,10
1/10/2012,10,5,0,1,1,1,0.44,0.4394,2,34
1/10/2012,10,6,0,1,1,1,0.44,0.4394,8,147
1/10/2012,10,7,0,1,1,1,0.44,0.4394,13,470
1/10/2012,10,8,0,1,1,2,0.46,0.4545,40,744
1/10/2012,10,9,0,1,1,2,0.52,0.5,26,314
1/10/2012,10,10,0,1,1,1,0.54,0.5152,44,135
1/10/2012,10,11,0,1,1,1,0.58,0.5455,76,196
1/10/2012,10,12,0,1,1,2,0.6,0.6212,61,262
1/10/2012,10,13,0,1,1,2,0.6,0.6212,80,225
1/10/2012,10,14,0,1,1,2,0.6,0.6212,51,193
1/10/2012,10,15,0,1,1,2,0.62,0.6212,95,234
1/10/2012,10,16,0,1,1,2,0.62,0.6212,51,408
1/10/2012,10,17,0,1,1,3,0.56,0.5303,65,791
1/10/2012,10,18,0,1,1,3,0.56,0.5303,42,571
1/10/2012,10,19,0,1,1,2,0.54,0.5152,33,483
1/10/2012,10,20,0,1,1,3,0.54,0.5152,11,251
1/10/2012,10,21,0,1,1,2,0.54,0.5152,13,205
1/10/2012,10,22,0,1,1,3,0.54,0.5152,17,190
1/10/2012,10,23,0,1,1,3,0.54,0.5152,17,88
2/10/2012,10,0,0,2,1,2,0.56,0.5303,1,30
2/10/2012,10,1,0,2,1,2,0.54,0.5152,0,11
2/10/2012,10,2,0,2,1,2,0.54,0.5152,0,2
2/10/2012,10,3,0,2,1,2,0.54,0.5152,1,4
2/10/2012,10,4,0,2,1,2,0.56,0.5303,2,8
2/10/2012,10,5,0,2,1,2,0.56,0.5303,1,42
2/10/2012,10,6,0,2,1,3,0.58,0.5455,3,176
2/10/2012,10,7,0,2,1,3,0.58,0.5455,4,256
2/10/2012,10,8,0,2,1,3,0.6,0.5455,6,128
2/10/2012,10,9,0,2,1,3,0.58,0.5455,3,83
2/10/2012,10,10,0,2,1,3,0.58,0.5455,3,42
2/10/2012,10,11,0,2,1,3,0.58,0.5455,7,92
2/10/2012,10,12,0,2,1,2,0.6,0.5455,6,98
2/10/2012,10,13,0,2,1,2,0.6,0.5455,6,148
2/10/2012,10,14,0,2,1,3,0.6,0.5455,16,147
2/10/2012,10,15,0,2,1,3,0.62,0.5758,14,195
2/10/2012,10,16,0,2,1,3,0.62,0.5606,46,328
2/10/2012,10,17,0,2,1,3,0.62,0.5606,38,677
2/10/2012,10,18,0,2,1,3,0.62,0.5455,48,639
2/10/2012,10,19,0,2,1,3,0.62,0.5455,27,368
2/10/2012,10,20,0,2,1,3,0.62,0.5455,20,286
2/10/2012,10,21,0,2,1,3,0.62,0.5455,24,265
2/10/2012,10,22,0,2,1,2,0.62,0.5455,28,212
2/10/2012,10,23,0,2,1,2,0.62,0.5455,11,87
3/10/2012,10,0,0,3,1,3,0.62,0.5455,5,47
3/10/2012,10,1,0,3,1,2,0.62,0.5455,3,16
3/10/2012,10,2,0,3,1,2,0.62,0.5455,2,7
3/10/2012,10,3,0,3,1,2,0.6,0.5152,0,7
3/10/2012,10,4,0,3,1,2,0.6,0.5,2,9
3/10/2012,10,5,0,3,1,2,0.62,0.5455,2,32
3/10/2012,10,6,0,3,1,2,0.6,0.5152,4,173
3/10/2012,10,7,0,3,1,2,0.6,0.5152,11,504
3/10/2012,10,8,0,3,1,2,0.62,0.5606,28,781
3/10/2012,10,9,0,3,1,2,0.62,0.5758,30,332
3/10/2012,10,10,0,3,1,1,0.66,0.6061,29,146
3/10/2012,10,11,0,3,1,1,0.66,0.6061,52,178
3/10/2012,10,12,0,3,1,2,0.7,0.6515,69,289
3/10/2012,10,13,0,3,1,2,0.7,0.6667,55,224
3/10/2012,10,14,0,3,1,2,0.72,0.6818,56,195
3/10/2012,10,15,0,3,1,2,0.72,0.6818,59,260
3/10/2012,10,16,0,3,1,2,0.72,0.6667,42,436
3/10/2012,10,17,0,3,1,1,0.7,0.6515,84,833
3/10/2012,10,18,0,3,1,1,0.7,0.6515,54,756
3/10/2012,10,19,0,3,1,1,0.7,0.6515,49,544
3/10/2012,10,20,0,3,1,1,0.7,0.6515,48,449
3/10/2012,10,21,0,3,1,2,0.66,0.6212,14,195
3/10/2012,10,22,0,3,1,1,0.66,0.6212,9,232
3/10/2012,10,23,0,3,1,2,0.66,0.6061,21,199
4/10/2012,10,0,0,4,1,3,0.64,0.5758,11,65
4/10/2012,10,1,0,4,1,2,0.62,0.5455,2,23
4/10/2012,10,2,0,4,1,1,0.64,0.5758,3,10
4/10/2012,10,3,0,4,1,2,0.62,0.5606,5,6
4/10/2012,10,4,0,4,1,2,0.64,0.5758,0,10
4/10/2012,10,5,0,4,1,3,0.64,0.5758,2,37
4/10/2012,10,6,0,4,1,3,0.62,0.5455,1,132
4/10/2012,10,7,0,4,1,2,0.64,0.5758,12,379
4/10/2012,10,8,0,4,1,1,0.64,0.5758,27,711
4/10/2012,10,9,0,4,1,2,0.64,0.5758,40,319
4/10/2012,10,10,0,4,1,2,0.66,0.6061,27,150
4/10/2012,10,11,0,4,1,2,0.7,0.6515,38,176
4/10/2012,10,12,0,4,1,2,0.72,0.6667,57,231
4/10/2012,10,13,0,4,1,2,0.72,0.6667,63,231
4/10/2012,10,14,0,4,1,1,0.7,0.6515,56,211
4/10/2012,10,15,0,4,1,1,0.72,0.6667,77,248
4/10/2012,10,16,0,4,1,1,0.7,0.6515,86,411
4/10/2012,10,17,0,4,1,1,0.7,0.6515,112,789
4/10/2012,10,18,0,4,1,1,0.66,0.6212,75,812
4/10/2012,10,19,0,4,1,1,0.66,0.6212,67,467
4/10/2012,10,20,0,4,1,1,0.64,0.6061,50,391
4/10/2012,10,21,0,4,1,1,0.62,0.6061,33,288
4/10/2012,10,22,0,4,1,1,0.64,0.6212,29,203
4/10/2012,10,23,0,4,1,1,0.6,0.6212,18,137
5/10/2012,10,0,0,5,1,1,0.56,0.5303,16,86
5/10/2012,10,1,0,5,1,1,0.54,0.5152,3,43
5/10/2012,10,2,0,5,1,1,0.54,0.5152,1,10
5/10/2012,10,3,0,5,1,1,0.54,0.5152,5,11
5/10/2012,10,4,0,5,1,1,0.54,0.5152,0,11
5/10/2012,10,5,0,5,1,1,0.52,0.5,0,41
5/10/2012,10,6,0,5,1,1,0.52,0.5,4,133
5/10/2012,10,7,0,5,1,1,0.52,0.5,11,417
5/10/2012,10,8,0,5,1,1,0.58,0.5455,36,749
5/10/2012,10,9,0,5,1,1,0.6,0.6061,58,326
5/10/2012,10,10,0,5,1,1,0.66,0.6212,68,192
5/10/2012,10,11,0,5,1,1,0.7,0.6515,90,214
5/10/2012,10,12,0,5,1,1,0.72,0.6515,161,307
5/10/2012,10,13,0,5,1,1,0.7,0.6515,117,307
5/10/2012,10,14,0,5,1,1,0.74,0.6515,113,287
5/10/2012,10,15,0,5,1,1,0.72,0.6515,150,320
5/10/2012,10,16,0,5,1,1,0.72,0.6515,153,481
5/10/2012,10,17,0,5,1,1,0.7,0.6364,158,742
5/10/2012,10,18,0,5,1,1,0.64,0.6212,106,655
5/10/2012,10,19,0,5,1,1,0.62,0.5909,67,433
5/10/2012,10,20,0,5,1,1,0.6,0.5758,66,306
5/10/2012,10,21,0,5,1,1,0.6,0.5909,47,220
5/10/2012,10,22,0,5,1,1,0.6,0.5909,63,201
5/10/2012,10,23,0,5,1,1,0.58,0.5455,23,148
6/10/2012,10,0,0,6,0,1,0.56,0.5303,37,154
6/10/2012,10,1,0,6,0,1,0.56,0.5303,25,116
6/10/2012,10,2,0,6,0,1,0.56,0.5303,13,62
6/10/2012,10,3,0,6,0,1,0.54,0.5152,2,54
6/10/2012,10,4,0,6,0,1,0.54,0.5152,4,7
6/10/2012,10,5,0,6,0,1,0.54,0.5152,2,8
6/10/2012,10,6,0,6,0,1,0.54,0.5152,2,28
6/10/2012,10,7,0,6,0,1,0.54,0.5152,13,71
6/10/2012,10,8,0,6,0,1,0.56,0.5303,22,184
6/10/2012,10,9,0,6,0,1,0.6,0.5909,130,265
6/10/2012,10,10,0,6,0,1,0.62,0.6061,198,341
6/10/2012,10,11,0,6,0,1,0.64,0.6061,258,389
6/10/2012,10,12,0,6,0,1,0.7,0.6515,362,381
6/10/2012,10,13,0,6,0,2,0.64,0.6212,310,400
6/10/2012,10,14,0,6,0,2,0.6,0.6212,269,307
6/10/2012,10,15,0,6,0,1,0.6,0.6212,279,341
6/10/2012,10,16,0,6,0,1,0.6,0.6212,317,342
6/10/2012,10,17,0,6,0,1,0.54,0.5152,268,342
6/10/2012,10,18,0,6,0,1,0.52,0.5,183,312
6/10/2012,10,19,0,6,0,1,0.48,0.4697,102,239
6/10/2012,10,20,0,6,0,1,0.48,0.4697,75,172
6/10/2012,10,21,0,6,0,1,0.46,0.4545,78,137
6/10/2012,10,22,0,6,0,1,0.44,0.4394,45,140
6/10/2012,10,23,0,6,0,1,0.44,0.4394,37,142
7/10/2012,10,0,0,0,0,1,0.44,0.4394,28,99
7/10/2012,10,1,0,0,0,1,0.44,0.4394,29,80
7/10/2012,10,2,0,0,0,1,0.42,0.4242,10,64
7/10/2012,10,3,0,0,0,2,0.44,0.4394,5,17
7/10/2012,10,4,0,0,0,2,0.44,0.4394,5,6
7/10/2012,10,5,0,0,0,2,0.44,0.4394,2,8
7/10/2012,10,6,0,0,0,2,0.44,0.4394,4,19
7/10/2012,10,7,0,0,0,3,0.42,0.4242,6,29
7/10/2012,10,8,0,0,0,3,0.42,0.4242,11,51
7/10/2012,10,9,0,0,0,3,0.4,0.4091,16,70
7/10/2012,10,10,0,0,0,2,0.42,0.4242,41,144
7/10/2012,10,11,0,0,0,2,0.42,0.4242,76,260
7/10/2012,10,12,0,0,0,2,0.42,0.4242,100,292
7/10/2012,10,13,0,0,0,2,0.44,0.4394,80,240
7/10/2012,10,14,0,0,0,2,0.44,0.4394,71,243
7/10/2012,10,15,0,0,0,3,0.42,0.4242,74,232
7/10/2012,10,16,0,0,0,3,0.4,0.4091,87,246
7/10/2012,10,17,0,0,0,3,0.4,0.4091,35,122
7/10/2012,10,18,0,0,0,3,0.4,0.4091,24,82
7/10/2012,10,19,0,0,0,2,0.4,0.4091,17,97
7/10/2012,10,20,0,0,0,1,0.4,0.4091,19,97
7/10/2012,10,21,0,0,0,1,0.38,0.3939,22,91
7/10/2012,10,22,0,0,0,1,0.38,0.3939,7,72
7/10/2012,10,23,0,0,0,1,0.36,0.3485,12,68
8/10/2012,10,0,1,1,0,1,0.38,0.3939,7,44
8/10/2012,10,1,1,1,0,1,0.34,0.3333,2,35
8/10/2012,10,2,1,1,0,1,0.34,0.3333,3,12
8/10/2012,10,3,1,1,0,1,0.34,0.3485,2,8
8/10/2012,10,4,1,1,0,1,0.32,0.3333,1,6
8/10/2012,10,5,1,1,0,1,0.34,0.3182,2,17
8/10/2012,10,6,1,1,0,1,0.34,0.3485,5,54
8/10/2012,10,7,1,1,0,2,0.34,0.3333,3,151
8/10/2012,10,8,1,1,0,2,0.36,0.3485,23,374
8/10/2012,10,9,1,1,0,2,0.38,0.3939,59,273
8/10/2012,10,10,1,1,0,2,0.38,0.3939,69,229
8/10/2012,10,11,1,1,0,2,0.4,0.4091,72,236
8/10/2012,10,12,1,1,0,2,0.42,0.4242,74,267
8/10/2012,10,13,1,1,0,2,0.42,0.4242,82,323
8/10/2012,10,14,1,1,0,2,0.42,0.4242,121,299
8/10/2012,10,15,1,1,0,3,0.42,0.4242,76,294
8/10/2012,10,16,1,1,0,3,0.42,0.4242,61,316
8/10/2012,10,17,1,1,0,2,0.42,0.4242,81,416
8/10/2012,10,18,1,1,0,2,0.42,0.4242,41,415
8/10/2012,10,19,1,1,0,2,0.4,0.4091,38,333
8/10/2012,10,20,1,1,0,3,0.4,0.4091,20,207
8/10/2012,10,21,1,1,0,2,0.4,0.4091,17,134
8/10/2012,10,22,1,1,0,3,0.4,0.4091,6,101
8/10/2012,10,23,1,1,0,2,0.4,0.4091,9,60
9/10/2012,10,0,0,2,1,2,0.38,0.3939,9,22
9/10/2012,10,1,0,2,1,3,0.36,0.3485,0,13
9/10/2012,10,2,0,2,1,3,0.36,0.3333,2,5
9/10/2012,10,3,0,2,1,3,0.36,0.3333,0,3
9/10/2012,10,4,0,2,1,3,0.36,0.3485,1,6
9/10/2012,10,5,0,2,1,2,0.38,0.3939,0,19
9/10/2012,10,6,0,2,1,2,0.38,0.3939,2,141
9/10/2012,10,7,0,2,1,1,0.38,0.3939,5,357
9/10/2012,10,8,0,2,1,2,0.42,0.4242,15,698
9/10/2012,10,9,0,2,1,2,0.42,0.4242,37,345
9/10/2012,10,10,0,2,1,2,0.44,0.4394,33,131
9/10/2012,10,11,0,2,1,2,0.48,0.4697,37,156
9/10/2012,10,12,0,2,1,2,0.48,0.4697,43,217
9/10/2012,10,13,0,2,1,2,0.5,0.4848,54,184
9/10/2012,10,14,0,2,1,2,0.54,0.5152,43,201
9/10/2012,10,15,0,2,1,2,0.52,0.5,59,195
9/10/2012,10,16,0,2,1,2,0.5,0.4848,70,354
9/10/2012,10,17,0,2,1,2,0.52,0.5,73,733
9/10/2012,10,18,0,2,1,2,0.5,0.4848,26,758
9/10/2012,10,19,0,2,1,2,0.5,0.4848,31,483
9/10/2012,10,20,0,2,1,2,0.5,0.4848,30,330
9/10/2012,10,21,0,2,1,2,0.48,0.4697,16,209
9/10/2012,10,22,0,2,1,2,0.48,0.4697,7,155
9/10/2012,10,23,0,2,1,2,0.48,0.4697,8,76
10/10/2012,10,0,0,3,1,2,0.46,0.4545,0,33
10/10/2012,10,1,0,3,1,2,0.46,0.4545,2,6
10/10/2012,10,2,0,3,1,2,0.46,0.4545,2,6
10/10/2012,10,3,0,3,1,2,0.46,0.4545,0,6
10/10/2012,10,4,0,3,1,2,0.46,0.4545,0,6
10/10/2012,10,5,0,3,1,2,0.46,0.4545,2,38
10/10/2012,10,6,0,3,1,2,0.46,0.4545,3,172
10/10/2012,10,7,0,3,1,1,0.46,0.4545,9,498
10/10/2012,10,8,0,3,1,1,0.5,0.4848,33,806
10/10/2012,10,9,0,3,1,1,0.54,0.5152,35,331
10/10/2012,10,10,0,3,1,1,0.56,0.5303,27,190
10/10/2012,10,11,0,3,1,1,0.54,0.5152,53,238
10/10/2012,10,12,0,3,1,1,0.54,0.5152,78,312
10/10/2012,10,13,0,3,1,1,0.56,0.5303,60,237
10/10/2012,10,14,0,3,1,1,0.6,0.6212,63,208
10/10/2012,10,15,0,3,1,1,0.6,0.6212,58,261
10/10/2012,10,16,0,3,1,1,0.6,0.6212,92,474
10/10/2012,10,17,0,3,1,1,0.58,0.5455,91,857
10/10/2012,10,18,0,3,1,2,0.56,0.5303,57,787
10/10/2012,10,19,0,3,1,2,0.56,0.5303,32,534
10/10/2012,10,20,0,3,1,1,0.52,0.5,21,371
10/10/2012,10,21,0,3,1,1,0.5,0.4848,18,251
10/10/2012,10,22,0,3,1,1,0.46,0.4545,27,170
10/10/2012,10,23,0,3,1,1,0.44,0.4394,17,119
11/10/2012,10,0,0,4,1,1,0.44,0.4394,1,41
11/10/2012,10,1,0,4,1,1,0.44,0.4394,1,10
11/10/2012,10,2,0,4,1,1,0.42,0.4242,4,7
11/10/2012,10,3,0,4,1,1,0.42,0.4242,0,3
11/10/2012,10,4,0,4,1,1,0.4,0.4091,0,10
11/10/2012,10,5,0,4,1,1,0.36,0.3485,0,42
11/10/2012,10,6,0,4,1,1,0.36,0.3485,1,158
11/10/2012,10,7,0,4,1,1,0.36,0.3333,11,467
11/10/2012,10,8,0,4,1,1,0.38,0.3939,25,773
11/10/2012,10,9,0,4,1,1,0.4,0.4091,27,328
11/10/2012,10,10,0,4,1,1,0.44,0.4394,39,165
11/10/2012,10,11,0,4,1,1,0.46,0.4545,76,175
11/10/2012,10,12,0,4,1,1,0.46,0.4545,47,279
11/10/2012,10,13,0,4,1,1,0.5,0.4848,48,243
11/10/2012,10,14,0,4,1,1,0.52,0.5,78,270
11/10/2012,10,15,0,4,1,1,0.52,0.5,102,358
11/10/2012,10,16,0,4,1,1,0.5,0.4848,68,413
11/10/2012,10,17,0,4,1,1,0.5,0.4848,90,737
11/10/2012,10,18,0,4,1,1,0.46,0.4545,64,628
11/10/2012,10,19,0,4,1,1,0.44,0.4394,81,662
11/10/2012,10,20,0,4,1,1,0.42,0.4242,27,388
11/10/2012,10,21,0,4,1,1,0.42,0.4242,24,236
11/10/2012,10,22,0,4,1,1,0.4,0.4091,10,167
11/10/2012,10,23,0,4,1,1,0.42,0.4242,10,176
12/10/2012,10,0,0,5,1,1,0.4,0.4091,8,60
12/10/2012,10,1,0,5,1,1,0.4,0.4091,8,29
12/10/2012,10,2,0,5,1,1,0.4,0.4091,0,16
12/10/2012,10,3,0,5,1,1,0.36,0.3636,0,6
12/10/2012,10,4,0,5,1,1,0.36,0.3636,0,8
12/10/2012,10,5,0,5,1,1,0.36,0.3636,2,33
12/10/2012,10,6,0,5,1,1,0.34,0.3485,3,140
12/10/2012,10,7,0,5,1,1,0.36,0.3636,8,384
12/10/2012,10,8,0,5,1,1,0.42,0.4242,34,711
12/10/2012,10,9,0,5,1,1,0.5,0.4848,26,374
12/10/2012,10,10,0,5,1,1,0.52,0.5,75,200
12/10/2012,10,11,0,5,1,1,0.54,0.5152,61,252
12/10/2012,10,12,0,5,1,1,0.54,0.5152,75,312
12/10/2012,10,13,0,5,1,1,0.56,0.5303,81,300
12/10/2012,10,14,0,5,1,1,0.56,0.5303,109,262
12/10/2012,10,15,0,5,1,1,0.52,0.5,138,317
12/10/2012,10,16,0,5,1,1,0.46,0.4545,108,412
12/10/2012,10,17,0,5,1,1,0.46,0.4545,131,706
12/10/2012,10,18,0,5,1,1,0.44,0.4394,76,566
12/10/2012,10,19,0,5,1,1,0.42,0.4242,40,453
12/10/2012,10,20,0,5,1,1,0.42,0.4242,28,280
12/10/2012,10,21,0,5,1,1,0.4,0.4091,21,169
12/10/2012,10,22,0,5,1,1,0.4,0.4091,17,143
12/10/2012,10,23,0,5,1,1,0.36,0.3485,11,89
13/10/2012,10,0,0,6,0,1,0.36,0.3636,31,218
13/10/2012,10,1,0,6,0,1,0.34,0.3333,23,123
13/10/2012,10,2,0,6,0,1,0.34,0.3333,7,60
13/10/2012,10,3,0,6,0,1,0.32,0.303,2,13
13/10/2012,10,4,0,6,0,1,0.3,0.303,2,9
13/10/2012,10,5,0,6,0,1,0.3,0.2879,0,11
13/10/2012,10,6,0,6,0,1,0.3,0.2879,5,23
13/10/2012,10,7,0,6,0,1,0.3,0.303,10,60
13/10/2012,10,8,0,6,0,1,0.34,0.3485,23,151
13/10/2012,10,9,0,6,0,1,0.36,0.3636,46,220
13/10/2012,10,10,0,6,0,1,0.4,0.4091,82,265
13/10/2012,10,11,0,6,0,1,0.42,0.4242,192,335
13/10/2012,10,12,0,6,0,1,0.44,0.4394,202,371
13/10/2012,10,13,0,6,0,1,0.46,0.4545,235,435
13/10/2012,10,14,0,6,0,1,0.48,0.4697,243,354
13/10/2012,10,15,0,6,0,1,0.5,0.4848,251,364
13/10/2012,10,16,0,6,0,1,0.5,0.4848,294,343
13/10/2012,10,17,0,6,0,1,0.46,0.4545,193,335
13/10/2012,10,18,0,6,0,1,0.46,0.4545,174,299
13/10/2012,10,19,0,6,0,1,0.44,0.4394,73,259
13/10/2012,10,20,0,6,0,1,0.4,0.4091,57,198
13/10/2012,10,21,0,6,0,1,0.4,0.4091,47,157
13/10/2012,10,22,0,6,0,1,0.4,0.4091,33,156
13/10/2012,10,23,0,6,0,1,0.42,0.4242,27,98
14/10/2012,10,0,0,0,0,1,0.4,0.4091,8,103
14/10/2012,10,1,0,0,0,1,0.42,0.4242,16,96
14/10/2012,10,2,0,0,0,1,0.4,0.4091,8,58
14/10/2012,10,3,0,0,0,1,0.42,0.4242,3,25
14/10/2012,10,4,0,0,0,1,0.42,0.4242,2,10
14/10/2012,10,5,0,0,0,1,0.4,0.4091,5,6
14/10/2012,10,6,0,0,0,1,0.4,0.4091,4,20
14/10/2012,10,7,0,0,0,1,0.42,0.4242,7,44
14/10/2012,10,8,0,0,0,1,0.44,0.4394,28,104
14/10/2012,10,9,0,0,0,2,0.48,0.4697,62,161
14/10/2012,10,10,0,0,0,1,0.54,0.5152,150,278
14/10/2012,10,11,0,0,0,1,0.56,0.5303,156,338
14/10/2012,10,12,0,0,0,1,0.62,0.6212,200,362
14/10/2012,10,13,0,0,0,1,0.64,0.6212,218,401
14/10/2012,10,14,0,0,0,1,0.66,0.6212,249,368
14/10/2012,10,15,0,0,0,1,0.66,0.6212,213,355
14/10/2012,10,16,0,0,0,1,0.64,0.6212,203,378
14/10/2012,10,17,0,0,0,1,0.64,0.6212,193,346
14/10/2012,10,18,0,0,0,1,0.58,0.5455,134,319
14/10/2012,10,19,0,0,0,1,0.56,0.5303,68,268
14/10/2012,10,20,0,0,0,1,0.54,0.5152,48,198
14/10/2012,10,21,0,0,0,1,0.56,0.5303,40,156
14/10/2012,10,22,0,0,0,1,0.56,0.5303,38,87
14/10/2012,10,23,0,0,0,2,0.56,0.5303,27,78
15/10/2012,10,0,0,1,1,2,0.56,0.5303,17,31
15/10/2012,10,1,0,1,1,2,0.58,0.5455,5,24
15/10/2012,10,2,0,1,1,2,0.58,0.5455,1,5
15/10/2012,10,3,0,1,1,2,0.56,0.5303,2,2
15/10/2012,10,4,0,1,1,2,0.56,0.5303,1,9
15/10/2012,10,5,0,1,1,2,0.56,0.5303,2,38
15/10/2012,10,6,0,1,1,2,0.56,0.5303,6,141
15/10/2012,10,7,0,1,1,2,0.58,0.5455,15,461
15/10/2012,10,8,0,1,1,2,0.6,0.6061,24,713
15/10/2012,10,9,0,1,1,3,0.6,0.5909,31,328
15/10/2012,10,10,0,1,1,2,0.6,0.5909,43,125
15/10/2012,10,11,0,1,1,2,0.6,0.5909,88,175
15/10/2012,10,12,0,1,1,3,0.6,0.5758,73,211
15/10/2012,10,13,0,1,1,2,0.56,0.5303,37,109
15/10/2012,10,14,0,1,1,2,0.6,0.5758,57,128
15/10/2012,10,15,0,1,1,1,0.6,0.5758,70,190
15/10/2012,10,16,0,1,1,1,0.56,0.5303,76,371
15/10/2012,10,17,0,1,1,1,0.56,0.5303,96,670
15/10/2012,10,18,0,1,1,3,0.54,0.5152,52,540
15/10/2012,10,19,0,1,1,3,0.52,0.5,12,227
15/10/2012,10,20,0,1,1,2,0.52,0.5,19,237
15/10/2012,10,21,0,1,1,1,0.52,0.5,16,190
15/10/2012,10,22,0,1,1,1,0.5,0.4848,8,118
15/10/2012,10,23,0,1,1,1,0.46,0.4545,9,72
16/10/2012,10,0,0,2,1,1,0.46,0.4545,3,45
16/10/2012,10,1,0,2,1,1,0.44,0.4394,4,9
16/10/2012,10,2,0,2,1,1,0.44,0.4394,2,1
16/10/2012,10,3,0,2,1,1,0.42,0.4242,0,2
16/10/2012,10,4,0,2,1,1,0.42,0.4242,0,7
16/10/2012,10,5,0,2,1,1,0.42,0.4242,5,47
16/10/2012,10,6,0,2,1,1,0.42,0.4242,4,168
16/10/2012,10,7,0,2,1,1,0.42,0.4242,20,505
16/10/2012,10,8,0,2,1,1,0.44,0.4394,35,800
16/10/2012,10,9,0,2,1,1,0.48,0.4697,32,323
16/10/2012,10,10,0,2,1,1,0.5,0.4848,65,157
16/10/2012,10,11,0,2,1,1,0.5,0.4848,56,172
16/10/2012,10,12,0,2,1,2,0.52,0.5,69,256
16/10/2012,10,13,0,2,1,1,0.52,0.5,68,260
16/10/2012,10,14,0,2,1,1,0.54,0.5152,94,214
16/10/2012,10,15,0,2,1,1,0.54,0.5152,76,270
16/10/2012,10,16,0,2,1,1,0.54,0.5152,79,367
16/10/2012,10,17,0,2,1,1,0.52,0.5,104,839
16/10/2012,10,18,0,2,1,1,0.5,0.4848,71,767
16/10/2012,10,19,0,2,1,1,0.48,0.4697,40,491
16/10/2012,10,20,0,2,1,1,0.46,0.4545,35,397
16/10/2012,10,21,0,2,1,1,0.46,0.4545,19,176
16/10/2012,10,22,0,2,1,1,0.4,0.4091,18,163
16/10/2012,10,23,0,2,1,1,0.4,0.4091,23,176
17/10/2012,10,0,0,3,1,1,0.38,0.3939,1,48
17/10/2012,10,1,0,3,1,1,0.38,0.3939,3,14
17/10/2012,10,2,0,3,1,1,0.38,0.3939,4,12
17/10/2012,10,3,0,3,1,1,0.36,0.3788,0,7
17/10/2012,10,4,0,3,1,1,0.36,0.3636,0,4
17/10/2012,10,5,0,3,1,2,0.36,0.3788,2,39
17/10/2012,10,6,0,3,1,1,0.38,0.3939,7,171
17/10/2012,10,7,0,3,1,1,0.36,0.3636,15,449
17/10/2012,10,8,0,3,1,2,0.4,0.4091,38,779
17/10/2012,10,9,0,3,1,2,0.42,0.4242,38,344
17/10/2012,10,10,0,3,1,2,0.46,0.4545,60,168
17/10/2012,10,11,0,3,1,2,0.5,0.4848,78,156
17/10/2012,10,12,0,3,1,2,0.52,0.5,71,261
17/10/2012,10,13,0,3,1,2,0.54,0.5152,73,237
17/10/2012,10,14,0,3,1,2,0.56,0.5303,82,188
17/10/2012,10,15,0,3,1,2,0.58,0.5455,62,239
17/10/2012,10,16,0,3,1,1,0.56,0.5303,70,396
17/10/2012,10,17,0,3,1,1,0.54,0.5152,122,766
17/10/2012,10,18,0,3,1,1,0.52,0.5,90,794
17/10/2012,10,19,0,3,1,1,0.5,0.4848,49,467
17/10/2012,10,20,0,3,1,1,0.5,0.4848,54,360
17/10/2012,10,21,0,3,1,1,0.46,0.4545,28,301
17/10/2012,10,22,0,3,1,1,0.46,0.4545,17,198
17/10/2012,10,23,0,3,1,1,0.46,0.4545,15,84
18/10/2012,10,0,0,4,1,1,0.46,0.4545,4,53
18/10/2012,10,1,0,4,1,1,0.46,0.4545,0,14
18/10/2012,10,2,0,4,1,1,0.46,0.4545,1,13
18/10/2012,10,3,0,4,1,1,0.44,0.4394,0,5
18/10/2012,10,4,0,4,1,1,0.44,0.4394,0,5
18/10/2012,10,5,0,4,1,1,0.44,0.4394,1,41
18/10/2012,10,6,0,4,1,1,0.44,0.4394,3,150
18/10/2012,10,7,0,4,1,1,0.44,0.4394,20,488
18/10/2012,10,8,0,4,1,1,0.46,0.4545,31,803
18/10/2012,10,9,0,4,1,2,0.5,0.4848,41,346
18/10/2012,10,10,0,4,1,2,0.52,0.5,60,158
18/10/2012,10,11,0,4,1,2,0.56,0.5303,79,189
18/10/2012,10,12,0,4,1,2,0.6,0.6212,93,284
18/10/2012,10,13,0,4,1,1,0.62,0.6212,96,236
18/10/2012,10,14,0,4,1,2,0.62,0.6212,94,191
18/10/2012,10,15,0,4,1,2,0.6,0.6061,69,284
18/10/2012,10,16,0,4,1,1,0.6,0.6212,94,356
18/10/2012,10,17,0,4,1,2,0.58,0.5455,102,788
18/10/2012,10,18,0,4,1,2,0.56,0.5303,68,720
18/10/2012,10,19,0,4,1,2,0.56,0.5303,42,471
18/10/2012,10,20,0,4,1,2,0.56,0.5303,39,348
18/10/2012,10,21,0,4,1,2,0.54,0.5152,38,245
18/10/2012,10,22,0,4,1,2,0.54,0.5152,27,202
18/10/2012,10,23,0,4,1,2,0.54,0.5152,6,111
19/10/2012,10,0,0,5,1,2,0.56,0.5303,5,51
19/10/2012,10,1,0,5,1,3,0.54,0.5152,4,12
19/10/2012,10,2,0,5,1,2,0.54,0.5152,1,9
19/10/2012,10,3,0,5,1,2,0.56,0.5303,0,5
19/10/2012,10,4,0,5,1,2,0.56,0.5303,1,5
19/10/2012,10,5,0,5,1,2,0.54,0.5152,1,35
19/10/2012,10,6,0,5,1,3,0.54,0.5152,5,126
19/10/2012,10,7,0,5,1,3,0.54,0.5152,5,149
19/10/2012,10,8,0,5,1,2,0.54,0.5152,20,447
19/10/2012,10,9,0,5,1,2,0.54,0.5152,26,363
19/10/2012,10,10,0,5,1,2,0.58,0.5455,26,198
19/10/2012,10,11,0,5,1,1,0.6,0.5606,41,211
19/10/2012,10,12,0,5,1,1,0.64,0.6061,74,258
19/10/2012,10,13,0,5,1,1,0.62,0.5909,87,288
19/10/2012,10,14,0,5,1,1,0.66,0.6212,88,277
19/10/2012,10,15,0,5,1,1,0.64,0.6061,93,302
19/10/2012,10,16,0,5,1,3,0.62,0.6061,131,434
19/10/2012,10,17,0,5,1,3,0.62,0.6061,48,377
19/10/2012,10,18,0,5,1,1,0.56,0.5303,21,212
19/10/2012,10,19,0,5,1,1,0.54,0.5152,19,213
19/10/2012,10,20,0,5,1,1,0.52,0.5,13,216
19/10/2012,10,21,0,5,1,1,0.5,0.4848,17,189
19/10/2012,10,22,0,5,1,1,0.5,0.4848,14,176
19/10/2012,10,23,0,5,1,1,0.46,0.4545,13,118
20/10/2012,10,0,0,6,0,1,0.46,0.4545,13,110
20/10/2012,10,1,0,6,0,1,0.46,0.4545,2,93
20/10/2012,10,2,0,6,0,1,0.44,0.4394,9,69
20/10/2012,10,3,0,6,0,1,0.42,0.4242,2,27
20/10/2012,10,4,0,6,0,1,0.44,0.4394,9,9
20/10/2012,10,5,0,6,0,1,0.4,0.4091,6,7
20/10/2012,10,6,0,6,0,1,0.42,0.4242,5,26
20/10/2012,10,7,0,6,0,1,0.4,0.4091,6,59
20/10/2012,10,8,0,6,0,1,0.46,0.4545,29,164
20/10/2012,10,9,0,6,0,1,0.5,0.4848,106,257
20/10/2012,10,10,0,6,0,1,0.52,0.5,111,312
20/10/2012,10,11,0,6,0,1,0.54,0.5152,204,408
20/10/2012,10,12,0,6,0,1,0.56,0.5303,267,436
20/10/2012,10,13,0,6,0,1,0.56,0.5303,273,441
20/10/2012,10,14,0,6,0,1,0.56,0.5303,335,376
20/10/2012,10,15,0,6,0,1,0.56,0.5303,308,403
20/10/2012,10,16,0,6,0,1,0.54,0.5152,325,366
20/10/2012,10,17,0,6,0,1,0.54,0.5152,347,384
20/10/2012,10,18,0,6,0,1,0.52,0.5,165,356
20/10/2012,10,19,0,6,0,1,0.5,0.4848,77,268
20/10/2012,10,20,0,6,0,1,0.5,0.4848,61,198
20/10/2012,10,21,0,6,0,1,0.46,0.4545,72,224
20/10/2012,10,22,0,6,0,1,0.44,0.4394,47,155
20/10/2012,10,23,0,6,0,1,0.42,0.4242,27,136
21/10/2012,10,0,0,0,0,1,0.44,0.4394,35,119
21/10/2012,10,1,0,0,0,1,0.42,0.4242,20,97
21/10/2012,10,2,0,0,0,1,0.4,0.4091,44,88
21/10/2012,10,3,0,0,0,1,0.38,0.3939,12,29
21/10/2012,10,4,0,0,0,1,0.36,0.3485,8,13
21/10/2012,10,5,0,0,0,1,0.38,0.3939,6,4
21/10/2012,10,6,0,0,0,1,0.4,0.4091,8,18
21/10/2012,10,7,0,0,0,1,0.4,0.4091,13,43
21/10/2012,10,8,0,0,0,1,0.42,0.4242,39,104
21/10/2012,10,9,0,0,0,1,0.46,0.4545,77,192
21/10/2012,10,10,0,0,0,1,0.5,0.4848,167,276
21/10/2012,10,11,0,0,0,1,0.52,0.5,191,356
21/10/2012,10,12,0,0,0,1,0.54,0.5152,236,439
21/10/2012,10,13,0,0,0,1,0.56,0.5303,243,383
21/10/2012,10,14,0,0,0,1,0.56,0.5303,235,405
21/10/2012,10,15,0,0,0,1,0.56,0.5303,240,383
21/10/2012,10,16,0,0,0,1,0.54,0.5152,182,409
21/10/2012,10,17,0,0,0,1,0.52,0.5,153,338
21/10/2012,10,18,0,0,0,1,0.52,0.5,71,342
21/10/2012,10,19,0,0,0,1,0.5,0.4848,50,216
21/10/2012,10,20,0,0,0,1,0.48,0.4697,35,160
21/10/2012,10,21,0,0,0,1,0.42,0.4242,42,124
21/10/2012,10,22,0,0,0,1,0.42,0.4242,18,95
21/10/2012,10,23,0,0,0,1,0.44,0.4394,7,59
22/10/2012,10,0,0,1,1,1,0.4,0.4091,3,28
22/10/2012,10,1,0,1,1,1,0.4,0.4091,0,11
22/10/2012,10,2,0,1,1,1,0.38,0.3939,1,4
22/10/2012,10,3,0,1,1,1,0.4,0.4091,1,5
22/10/2012,10,4,0,1,1,1,0.38,0.3939,1,6
22/10/2012,10,5,0,1,1,1,0.38,0.3939,2,44
22/10/2012,10,6,0,1,1,1,0.36,0.3636,4,140
22/10/2012,10,7,0,1,1,1,0.38,0.3939,15,437
22/10/2012,10,8,0,1,1,1,0.44,0.4394,32,696
22/10/2012,10,9,0,1,1,1,0.46,0.4545,25,335
22/10/2012,10,10,0,1,1,1,0.5,0.4848,51,161
22/10/2012,10,11,0,1,1,1,0.56,0.5303,63,148
22/10/2012,10,12,0,1,1,1,0.58,0.5455,52,231
22/10/2012,10,13,0,1,1,1,0.62,0.6212,88,227
22/10/2012,10,14,0,1,1,1,0.62,0.6061,73,209
22/10/2012,10,15,0,1,1,1,0.64,0.6212,74,222
22/10/2012,10,16,0,1,1,1,0.62,0.6212,80,444
22/10/2012,10,17,0,1,1,1,0.62,0.6212,84,838
22/10/2012,10,18,0,1,1,1,0.54,0.5152,60,726
22/10/2012,10,19,0,1,1,1,0.52,0.5,36,478
22/10/2012,10,20,0,1,1,1,0.5,0.4848,21,382
22/10/2012,10,21,0,1,1,1,0.48,0.4697,19,155
22/10/2012,10,22,0,1,1,1,0.46,0.4545,25,158
22/10/2012,10,23,0,1,1,1,0.46,0.4545,20,143
23/10/2012,10,0,0,2,1,1,0.46,0.4545,5,32
23/10/2012,10,1,0,2,1,1,0.46,0.4545,1,16
23/10/2012,10,2,0,2,1,1,0.44,0.4394,1,6
23/10/2012,10,3,0,2,1,1,0.44,0.4394,0,1
23/10/2012,10,4,0,2,1,1,0.42,0.4242,1,6
23/10/2012,10,5,0,2,1,1,0.44,0.4394,1,49
23/10/2012,10,6,0,2,1,1,0.4,0.4091,6,152
23/10/2012,10,7,0,2,1,2,0.44,0.4394,12,519
23/10/2012,10,8,0,2,1,2,0.46,0.4545,28,733
23/10/2012,10,9,0,2,1,2,0.5,0.4848,29,305
23/10/2012,10,10,0,2,1,1,0.54,0.5152,50,171
23/10/2012,10,11,0,2,1,1,0.6,0.6212,52,201
23/10/2012,10,12,0,2,1,2,0.62,0.6212,80,298
23/10/2012,10,13,0,2,1,2,0.64,0.6212,59,244
23/10/2012,10,14,0,2,1,1,0.68,0.6364,67,229
23/10/2012,10,15,0,2,1,1,0.68,0.6364,76,270
23/10/2012,10,16,0,2,1,1,0.68,0.6364,108,433
23/10/2012,10,17,0,2,1,1,0.68,0.6364,67,871
23/10/2012,10,18,0,2,1,1,0.62,0.6212,64,762
23/10/2012,10,19,0,2,1,1,0.62,0.6212,25,457
23/10/2012,10,20,0,2,1,1,0.58,0.5455,45,334
23/10/2012,10,21,0,2,1,1,0.56,0.5303,35,260
23/10/2012,10,22,0,2,1,1,0.56,0.5303,20,174
23/10/2012,10,23,0,2,1,1,0.54,0.5152,9,102
24/10/2012,10,0,0,3,1,1,0.54,0.5152,7,39
24/10/2012,10,1,0,3,1,1,0.54,0.5152,4,23
24/10/2012,10,2,0,3,1,1,0.54,0.5152,0,6
24/10/2012,10,3,0,3,1,1,0.5,0.4848,0,4
24/10/2012,10,4,0,3,1,1,0.5,0.4848,1,5
24/10/2012,10,5,0,3,1,1,0.5,0.4848,1,52
24/10/2012,10,6,0,3,1,1,0.48,0.4697,11,162
24/10/2012,10,7,0,3,1,1,0.5,0.4848,20,506
24/10/2012,10,8,0,3,1,2,0.52,0.5,24,777
24/10/2012,10,9,0,3,1,2,0.52,0.5,24,349
24/10/2012,10,10,0,3,1,2,0.54,0.5152,29,142
24/10/2012,10,11,0,3,1,1,0.58,0.5455,47,189
24/10/2012,10,12,0,3,1,1,0.62,0.6061,48,268
24/10/2012,10,13,0,3,1,1,0.66,0.6212,65,241
24/10/2012,10,14,0,3,1,1,0.74,0.6515,64,237
24/10/2012,10,15,0,3,1,1,0.7,0.6364,63,245
24/10/2012,10,16,0,3,1,1,0.74,0.6515,67,465
24/10/2012,10,17,0,3,1,1,0.66,0.6212,87,876
24/10/2012,10,18,0,3,1,1,0.66,0.6212,63,795
24/10/2012,10,19,0,3,1,2,0.64,0.6212,50,522
24/10/2012,10,20,0,3,1,2,0.62,0.6061,45,396
24/10/2012,10,21,0,3,1,2,0.62,0.6061,33,280
24/10/2012,10,22,0,3,1,2,0.6,0.6061,30,208
24/10/2012,10,23,0,3,1,2,0.58,0.5455,12,111
25/10/2012,10,0,0,4,1,2,0.6,0.6061,19,57
25/10/2012,10,1,0,4,1,1,0.58,0.5455,6,22
25/10/2012,10,2,0,4,1,1,0.54,0.5152,3,15
25/10/2012,10,3,0,4,1,2,0.52,0.5,0,8
25/10/2012,10,4,0,4,1,2,0.52,0.5,1,4
25/10/2012,10,5,0,4,1,2,0.52,0.5,2,53
25/10/2012,10,6,0,4,1,2,0.52,0.5,3,168
25/10/2012,10,7,0,4,1,2,0.52,0.5,18,477
25/10/2012,10,8,0,4,1,2,0.52,0.5,33,746
25/10/2012,10,9,0,4,1,2,0.52,0.5,23,320
25/10/2012,10,10,0,4,1,2,0.54,0.5152,53,172
25/10/2012,10,11,0,4,1,2,0.54,0.5152,57,181
25/10/2012,10,12,0,4,1,2,0.56,0.5303,61,258
25/10/2012,10,13,0,4,1,2,0.56,0.5303,49,264
25/10/2012,10,14,0,4,1,1,0.6,0.5909,71,214
25/10/2012,10,15,0,4,1,1,0.62,0.6061,63,242
25/10/2012,10,16,0,4,1,1,0.6,0.5909,92,407
25/10/2012,10,17,0,4,1,1,0.6,0.5909,112,774
25/10/2012,10,18,0,4,1,1,0.56,0.5303,77,732
25/10/2012,10,19,0,4,1,1,0.54,0.5152,45,497
25/10/2012,10,20,0,4,1,2,0.52,0.5,28,319
25/10/2012,10,21,0,4,1,2,0.52,0.5,24,247
25/10/2012,10,22,0,4,1,2,0.54,0.5152,22,185
25/10/2012,10,23,0,4,1,2,0.54,0.5152,13,122
26/10/2012,10,0,0,5,1,2,0.54,0.5152,6,65
26/10/2012,10,1,0,5,1,2,0.52,0.5,4,32
26/10/2012,10,2,0,5,1,2,0.52,0.5,4,15
26/10/2012,10,3,0,5,1,2,0.52,0.5,5,8
26/10/2012,10,4,0,5,1,2,0.52,0.5,1,4
26/10/2012,10,5,0,5,1,2,0.52,0.5,3,47
26/10/2012,10,6,0,5,1,2,0.52,0.5,2,142
26/10/2012,10,7,0,5,1,2,0.52,0.5,13,408
26/10/2012,10,8,0,5,1,2,0.54,0.5152,20,714
26/10/2012,10,9,0,5,1,2,0.54,0.5152,56,347
26/10/2012,10,10,0,5,1,2,0.54,0.5152,41,156
26/10/2012,10,11,0,5,1,2,0.56,0.5303,68,222
26/10/2012,10,12,0,5,1,2,0.58,0.5455,90,302
26/10/2012,10,13,0,5,1,2,0.58,0.5455,77,260
26/10/2012,10,14,0,5,1,2,0.6,0.6061,99,252
26/10/2012,10,15,0,5,1,2,0.62,0.6061,142,306
26/10/2012,10,16,0,5,1,2,0.58,0.5455,137,445
26/10/2012,10,17,0,5,1,2,0.56,0.5303,125,692
26/10/2012,10,18,0,5,1,2,0.56,0.5303,81,584
26/10/2012,10,19,0,5,1,2,0.54,0.5152,72,399
26/10/2012,10,20,0,5,1,2,0.54,0.5152,40,271
26/10/2012,10,21,0,5,1,2,0.54,0.5152,40,252
26/10/2012,10,22,0,5,1,2,0.52,0.5,37,180
26/10/2012,10,23,0,5,1,1,0.52,0.5,19,159
27/10/2012,10,0,0,6,0,1,0.5,0.4848,10,132
27/10/2012,10,1,0,6,0,2,0.5,0.4848,23,123
27/10/2012,10,2,0,6,0,2,0.5,0.4848,19,71
27/10/2012,10,3,0,6,0,1,0.5,0.4848,5,21
27/10/2012,10,4,0,6,0,2,0.5,0.4848,1,12
27/10/2012,10,5,0,6,0,2,0.5,0.4848,2,7
27/10/2012,10,6,0,6,0,2,0.5,0.4848,2,29
27/10/2012,10,7,0,6,0,1,0.48,0.4697,7,79
27/10/2012,10,8,0,6,0,1,0.5,0.4848,26,187
27/10/2012,10,9,0,6,0,1,0.5,0.4848,88,240
27/10/2012,10,10,0,6,0,1,0.54,0.5152,165,314
27/10/2012,10,11,0,6,0,1,0.56,0.5303,197,388
27/10/2012,10,12,0,6,0,1,0.6,0.6212,264,404
27/10/2012,10,13,0,6,0,1,0.6,0.6212,310,450
27/10/2012,10,14,0,6,0,1,0.6,0.6212,325,425
27/10/2012,10,15,0,6,0,2,0.56,0.5303,310,401
27/10/2012,10,16,0,6,0,2,0.56,0.5303,257,355
27/10/2012,10,17,0,6,0,2,0.56,0.5303,248,370
27/10/2012,10,18,0,6,0,2,0.56,0.5303,138,318
27/10/2012,10,19,0,6,0,2,0.52,0.5,67,233
27/10/2012,10,20,0,6,0,2,0.52,0.5,58,238
27/10/2012,10,21,0,6,0,2,0.52,0.5,49,160
27/10/2012,10,22,0,6,0,2,0.52,0.5,41,116
27/10/2012,10,23,0,6,0,2,0.52,0.5,31,136
28/10/2012,10,0,0,0,0,3,0.52,0.5,20,97
28/10/2012,10,1,0,0,0,2,0.5,0.4848,22,111
28/10/2012,10,2,0,0,0,2,0.5,0.4848,17,99
28/10/2012,10,3,0,0,0,2,0.5,0.4848,18,61
28/10/2012,10,4,0,0,0,2,0.5,0.4848,1,19
28/10/2012,10,5,0,0,0,2,0.5,0.4848,6,22
28/10/2012,10,6,0,0,0,2,0.5,0.4848,7,32
28/10/2012,10,7,0,0,0,2,0.5,0.4848,17,48
28/10/2012,10,8,0,0,0,2,0.5,0.4848,55,118
28/10/2012,10,9,0,0,0,2,0.5,0.4848,124,206
28/10/2012,10,10,0,0,0,2,0.48,0.4697,120,314
28/10/2012,10,11,0,0,0,2,0.5,0.4848,110,352
28/10/2012,10,12,0,0,0,2,0.48,0.4697,118,373
28/10/2012,10,13,0,0,0,2,0.48,0.4697,75,316
28/10/2012,10,14,0,0,0,2,0.5,0.4848,98,304
28/10/2012,10,15,0,0,0,2,0.5,0.4848,76,225
28/10/2012,10,16,0,0,0,3,0.48,0.4697,42,251
28/10/2012,10,17,0,0,0,3,0.46,0.4545,37,188
28/10/2012,10,18,0,0,0,3,0.42,0.4242,18,136
28/10/2012,10,19,0,0,0,3,0.42,0.4242,7,47
28/10/2012,10,20,0,0,0,3,0.42,0.4242,4,51
28/10/2012,10,21,0,0,0,3,0.44,0.4394,2,44
28/10/2012,10,22,0,0,0,3,0.44,0.4394,2,35
28/10/2012,10,23,0,0,0,3,0.42,0.4242,2,12
29/10/2012,10,0,0,1,1,3,0.44,0.4394,2,20
30/10/2012,10,13,0,2,1,3,0.3,0.2727,11,105
30/10/2012,10,14,0,2,1,3,0.3,0.2727,8,118
30/10/2012,10,15,0,2,1,3,0.3,0.2879,10,114
30/10/2012,10,16,0,2,1,3,0.3,0.2879,15,83
30/10/2012,10,17,0,2,1,3,0.3,0.2879,19,105
30/10/2012,10,18,0,2,1,3,0.3,0.303,4,139
30/10/2012,10,19,0,2,1,2,0.5,0.4848,6,109
30/10/2012,10,20,0,2,1,2,0.3,0.2879,5,76
30/10/2012,10,21,0,2,1,2,0.3,0.3182,4,60
30/10/2012,10,22,0,2,1,1,0.3,0.303,2,64
30/10/2012,10,23,0,2,1,1,0.3,0.303,3,36
31/10/2012,10,0,0,3,1,2,0.3,0.3182,0,16
31/10/2012,10,1,0,3,1,2,0.3,0.3182,0,8
31/10/2012,10,2,0,3,1,2,0.3,0.303,0,7
31/10/2012,10,3,0,3,1,2,0.3,0.3182,0,3
31/10/2012,10,4,0,3,1,2,0.3,0.2879,0,5
31/10/2012,10,5,0,3,1,2,0.3,0.303,0,24
31/10/2012,10,6,0,3,1,1,0.3,0.303,0,116
31/10/2012,10,7,0,3,1,2,0.3,0.303,3,334
31/10/2012,10,8,0,3,1,1,0.32,0.3333,6,615
31/10/2012,10,9,0,3,1,1,0.34,0.3333,17,280
31/10/2012,10,10,0,3,1,1,0.36,0.3333,21,147
31/10/2012,10,11,0,3,1,2,0.36,0.3485,37,152
31/10/2012,10,12,0,3,1,1,0.4,0.4091,44,197
31/10/2012,10,13,0,3,1,1,0.42,0.4242,22,191
31/10/2012,10,14,0,3,1,2,0.42,0.4242,45,179
31/10/2012,10,15,0,3,1,1,0.42,0.4242,33,197
31/10/2012,10,16,0,3,1,2,0.42,0.4242,51,373
31/10/2012,10,17,0,3,1,2,0.4,0.4091,39,684
31/10/2012,10,18,0,3,1,2,0.4,0.4091,28,556
31/10/2012,10,19,0,3,1,2,0.4,0.4091,27,383
31/10/2012,10,20,0,3,1,2,0.4,0.4091,9,259
31/10/2012,10,21,0,3,1,2,0.4,0.4091,12,180
31/10/2012,10,22,0,3,1,1,0.36,0.3485,18,147
31/10/2012,10,23,0,3,1,1,0.36,0.3636,7,94
1/11/2012,11,0,0,4,1,1,0.36,0.3636,8,52
1/11/2012,11,1,0,4,1,1,0.3,0.3182,8,22
1/11/2012,11,2,0,4,1,1,0.32,0.3333,10,10
1/11/2012,11,3,0,4,1,1,0.34,0.3333,5,10
1/11/2012,11,4,0,4,1,2,0.34,0.3485,2,8
1/11/2012,11,5,0,4,1,1,0.34,0.3333,1,39
1/11/2012,11,6,0,4,1,1,0.34,0.3333,2,146
1/11/2012,11,7,0,4,1,2,0.36,0.3485,6,414
1/11/2012,11,8,0,4,1,2,0.36,0.3788,12,668
1/11/2012,11,9,0,4,1,3,0.36,0.3636,21,310
1/11/2012,11,10,0,4,1,3,0.36,0.3485,13,133
1/11/2012,11,11,0,4,1,3,0.36,0.3485,14,156
1/11/2012,11,12,0,4,1,3,0.38,0.3939,23,198
1/11/2012,11,13,0,4,1,2,0.4,0.4091,49,199
1/11/2012,11,14,0,4,1,2,0.4,0.4091,31,154
1/11/2012,11,15,0,4,1,2,0.4,0.4091,35,179
1/11/2012,11,16,0,4,1,2,0.4,0.4091,31,313
1/11/2012,11,17,0,4,1,3,0.4,0.4091,37,652
1/11/2012,11,18,0,4,1,2,0.4,0.4091,50,628
1/11/2012,11,19,0,4,1,2,0.4,0.4091,28,424
1/11/2012,11,20,0,4,1,2,0.38,0.3939,16,280
1/11/2012,11,21,0,4,1,2,0.38,0.3939,29,238
1/11/2012,11,22,0,4,1,1,0.36,0.3485,27,175
1/11/2012,11,23,0,4,1,1,0.34,0.3333,8,112
2/11/2012,11,0,0,5,1,1,0.34,0.3333,10,40
2/11/2012,11,1,0,5,1,1,0.32,0.3182,5,19
2/11/2012,11,2,0,5,1,1,0.32,0.3182,3,7
2/11/2012,11,3,0,5,1,1,0.3,0.303,0,3
2/11/2012,11,4,0,5,1,1,0.3,0.3182,1,6
2/11/2012,11,5,0,5,1,2,0.32,0.3182,1,25
2/11/2012,11,6,0,5,1,1,0.3,0.303,2,120
2/11/2012,11,7,0,5,1,2,0.3,0.303,8,349
2/11/2012,11,8,0,5,1,1,0.32,0.3333,31,656
2/11/2012,11,9,0,5,1,1,0.34,0.3485,27,355
2/11/2012,11,10,0,5,1,1,0.38,0.3939,21,183
2/11/2012,11,11,0,5,1,1,0.42,0.4242,42,179
2/11/2012,11,12,0,5,1,1,0.42,0.4242,52,240
2/11/2012,11,13,0,5,1,1,0.4,0.4091,64,230
2/11/2012,11,14,0,5,1,2,0.4,0.4091,63,199
2/11/2012,11,15,0,5,1,2,0.4,0.4091,51,255
2/11/2012,11,16,0,5,1,1,0.38,0.3939,48,373
2/11/2012,11,17,0,5,1,1,0.38,0.3939,57,581
2/11/2012,11,18,0,5,1,2,0.38,0.3939,32,490
2/11/2012,11,19,0,5,1,2,0.38,0.3939,38,336
2/11/2012,11,20,0,5,1,2,0.36,0.3333,14,207
2/11/2012,11,21,0,5,1,2,0.36,0.3333,23,133
2/11/2012,11,22,0,5,1,1,0.36,0.3333,14,135
2/11/2012,11,23,0,5,1,1,0.34,0.303,11,108
3/11/2012,11,0,0,6,0,1,0.34,0.3333,9,99
3/11/2012,11,1,0,6,0,2,0.34,0.303,6,83
3/11/2012,11,2,0,6,0,2,0.34,0.3182,10,36
3/11/2012,11,3,0,6,0,2,0.34,0.3182,6,22
3/11/2012,11,4,0,6,0,2,0.32,0.303,8,8
3/11/2012,11,5,0,6,0,2,0.32,0.303,1,8
3/11/2012,11,6,0,6,0,2,0.32,0.3182,4,17
3/11/2012,11,7,0,6,0,2,0.32,0.303,1,58
3/11/2012,11,8,0,6,0,2,0.34,0.303,10,132
3/11/2012,11,9,0,6,0,2,0.34,0.303,31,188
3/11/2012,11,10,0,6,0,1,0.36,0.3333,68,260
3/11/2012,11,11,0,6,0,2,0.36,0.3333,56,284
3/11/2012,11,12,0,6,0,2,0.36,0.3182,74,320
3/11/2012,11,13,0,6,0,2,0.36,0.3333,110,339
3/11/2012,11,14,0,6,0,2,0.36,0.3333,136,319
3/11/2012,11,15,0,6,0,2,0.36,0.3182,117,331
3/11/2012,11,16,0,6,0,2,0.36,0.3333,108,292
3/11/2012,11,17,0,6,0,2,0.36,0.3333,112,298
3/11/2012,11,18,0,6,0,2,0.36,0.3333,58,239
3/11/2012,11,19,0,6,0,1,0.36,0.3485,22,217
3/11/2012,11,20,0,6,0,1,0.34,0.3333,23,158
3/11/2012,11,21,0,6,0,1,0.34,0.3485,31,135
3/11/2012,11,22,0,6,0,1,0.32,0.3333,13,133
3/11/2012,11,23,0,6,0,1,0.32,0.3333,15,133
4/11/2012,11,0,0,0,0,1,0.3,0.3182,5,97
4/11/2012,11,1,0,0,0,1,0.26,0.2879,26,139
4/11/2012,11,2,0,0,0,1,0.3,0.3333,6,31
4/11/2012,11,3,0,0,0,1,0.28,0.2879,1,10
4/11/2012,11,4,0,0,0,1,0.26,0.2727,2,7
4/11/2012,11,5,0,0,0,1,0.26,0.2727,0,5
4/11/2012,11,6,0,0,0,1,0.28,0.2879,2,14
4/11/2012,11,7,0,0,0,1,0.26,0.2727,11,39
4/11/2012,11,8,0,0,0,1,0.3,0.303,34,115
4/11/2012,11,9,0,0,0,1,0.32,0.3333,56,161
4/11/2012,11,10,0,0,0,1,0.34,0.3333,73,287
4/11/2012,11,11,0,0,0,1,0.38,0.3939,134,311
4/11/2012,11,12,0,0,0,1,0.38,0.3939,150,354
4/11/2012,11,13,0,0,0,1,0.4,0.4091,122,371
4/11/2012,11,14,0,0,0,1,0.4,0.4091,149,360
4/11/2012,11,15,0,0,0,1,0.4,0.4091,149,300
4/11/2012,11,16,0,0,0,1,0.4,0.4091,119,316
4/11/2012,11,17,0,0,0,1,0.36,0.3485,57,270
4/11/2012,11,18,0,0,0,1,0.36,0.3485,31,206
4/11/2012,11,19,0,0,0,1,0.36,0.3333,24,203
4/11/2012,11,20,0,0,0,1,0.32,0.2879,7,134
4/11/2012,11,21,0,0,0,1,0.3,0.2727,16,71
4/11/2012,11,22,0,0,0,1,0.3,0.2879,15,64
4/11/2012,11,23,0,0,0,2,0.3,0.303,12,41
5/11/2012,11,0,0,1,1,2,0.3,0.2879,3,20
5/11/2012,11,1,0,1,1,2,0.3,0.303,0,8
5/11/2012,11,2,0,1,1,2,0.3,0.303,2,4
5/11/2012,11,3,0,1,1,2,0.3,0.2879,1,3
5/11/2012,11,4,0,1,1,2,0.3,0.2879,5,11
5/11/2012,11,5,0,1,1,2,0.3,0.2727,1,38
5/11/2012,11,6,0,1,1,2,0.3,0.2879,4,135
5/11/2012,11,7,0,1,1,2,0.3,0.2879,8,453
5/11/2012,11,8,0,1,1,2,0.3,0.2879,19,629
5/11/2012,11,9,0,1,1,2,0.3,0.2879,18,239
5/11/2012,11,10,0,1,1,1,0.32,0.303,30,112
5/11/2012,11,11,0,1,1,1,0.34,0.3182,31,119
5/11/2012,11,12,0,1,1,1,0.36,0.3333,38,206
5/11/2012,11,13,0,1,1,1,0.36,0.3333,39,183
5/11/2012,11,14,0,1,1,1,0.38,0.3939,31,165
5/11/2012,11,15,0,1,1,1,0.38,0.3939,24,207
5/11/2012,11,16,0,1,1,1,0.36,0.3333,35,325
5/11/2012,11,17,0,1,1,1,0.34,0.3182,34,604
5/11/2012,11,18,0,1,1,1,0.34,0.3182,19,523
5/11/2012,11,19,0,1,1,1,0.32,0.3182,11,361
5/11/2012,11,20,0,1,1,1,0.32,0.303,13,228
5/11/2012,11,21,0,1,1,1,0.3,0.2879,8,144
5/11/2012,11,22,0,1,1,1,0.28,0.2727,4,111
5/11/2012,11,23,0,1,1,1,0.26,0.2727,0,53
6/11/2012,11,0,0,2,1,1,0.24,0.2576,1,18
6/11/2012,11,1,0,2,1,1,0.24,0.2424,0,8
6/11/2012,11,2,0,2,1,1,0.24,0.2576,0,2
6/11/2012,11,3,0,2,1,1,0.22,0.2424,0,4
6/11/2012,11,4,0,2,1,1,0.22,0.2576,0,7
6/11/2012,11,5,0,2,1,2,0.22,0.2273,1,40
6/11/2012,11,6,0,2,1,1,0.22,0.2273,6,143
6/11/2012,11,7,0,2,1,1,0.2,0.2121,9,378
6/11/2012,11,8,0,2,1,1,0.22,0.2273,20,568
6/11/2012,11,9,0,2,1,1,0.26,0.2576,25,338
6/11/2012,11,10,0,2,1,1,0.3,0.2879,41,189
6/11/2012,11,11,0,2,1,1,0.32,0.3333,39,177
6/11/2012,11,12,0,2,1,1,0.32,0.3333,31,217
6/11/2012,11,13,0,2,1,1,0.34,0.3333,46,232
6/11/2012,11,14,0,2,1,1,0.36,0.3636,44,196
6/11/2012,11,15,0,2,1,1,0.34,0.3182,45,227
6/11/2012,11,16,0,2,1,1,0.34,0.3333,33,369
6/11/2012,11,17,0,2,1,1,0.32,0.303,30,597
6/11/2012,11,18,0,2,1,1,0.32,0.303,20,477
6/11/2012,11,19,0,2,1,1,0.3,0.2879,15,356
6/11/2012,11,20,0,2,1,1,0.3,0.2879,10,218
6/11/2012,11,21,0,2,1,2,0.3,0.2879,14,137
6/11/2012,11,22,0,2,1,2,0.3,0.2879,17,136
6/11/2012,11,23,0,2,1,1,0.3,0.2879,19,186
7/11/2012,11,0,0,3,1,2,0.3,0.2879,49,234
7/11/2012,11,1,0,3,1,2,0.28,0.2727,6,86
7/11/2012,11,2,0,3,1,2,0.28,0.2576,6,68
7/11/2012,11,3,0,3,1,2,0.28,0.2576,2,9
7/11/2012,11,4,0,3,1,2,0.28,0.2576,0,9
7/11/2012,11,5,0,3,1,2,0.28,0.2576,0,27
7/11/2012,11,6,0,3,1,2,0.26,0.2424,3,115
7/11/2012,11,7,0,3,1,2,0.26,0.2273,5,314
7/11/2012,11,8,0,3,1,2,0.26,0.2424,18,583
7/11/2012,11,9,0,3,1,2,0.26,0.2424,17,351
7/11/2012,11,10,0,3,1,2,0.28,0.2576,27,151
7/11/2012,11,11,0,3,1,2,0.32,0.2879,15,132
7/11/2012,11,12,0,3,1,2,0.32,0.303,24,188
7/11/2012,11,13,0,3,1,2,0.32,0.303,23,158
7/11/2012,11,14,0,3,1,2,0.32,0.2879,19,142
7/11/2012,11,15,0,3,1,2,0.32,0.303,20,178
7/11/2012,11,16,0,3,1,2,0.32,0.2879,23,250
7/11/2012,11,17,0,3,1,2,0.32,0.2879,16,501
7/11/2012,11,18,0,3,1,2,0.32,0.2879,17,448
7/11/2012,11,19,0,3,1,2,0.3,0.2727,17,302
7/11/2012,11,20,0,3,1,2,0.32,0.303,7,249
7/11/2012,11,21,0,3,1,2,0.32,0.303,5,121
7/11/2012,11,22,0,3,1,3,0.3,0.2879,4,56
7/11/2012,11,23,0,3,1,3,0.28,0.2727,3,37
8/11/2012,11,0,0,4,1,3,0.28,0.2727,1,14
8/11/2012,11,1,0,4,1,3,0.3,0.2727,1,11
8/11/2012,11,2,0,4,1,2,0.3,0.2879,1,5
8/11/2012,11,4,0,4,1,2,0.3,0.2879,1,9
8/11/2012,11,5,0,4,1,2,0.3,0.2879,0,35
8/11/2012,11,6,0,4,1,1,0.3,0.2879,2,122
8/11/2012,11,7,0,4,1,1,0.28,0.2576,12,411
8/11/2012,11,8,0,4,1,1,0.3,0.2879,16,652
8/11/2012,11,9,0,4,1,1,0.32,0.2879,22,253
8/11/2012,11,10,0,4,1,1,0.32,0.303,13,148
8/11/2012,11,11,0,4,1,1,0.36,0.3333,16,155
8/11/2012,11,12,0,4,1,1,0.4,0.4091,33,202
8/11/2012,11,13,0,4,1,1,0.44,0.4394,33,195
8/11/2012,11,14,0,4,1,1,0.44,0.4394,33,149
8/11/2012,11,15,0,4,1,1,0.44,0.4394,32,201
8/11/2012,11,16,0,4,1,1,0.42,0.4242,18,321
8/11/2012,11,17,0,4,1,1,0.4,0.4091,36,556
8/11/2012,11,18,0,4,1,1,0.4,0.4091,16,491
8/11/2012,11,19,0,4,1,1,0.38,0.3939,14,359
8/11/2012,11,20,0,4,1,1,0.38,0.3939,10,235
8/11/2012,11,21,0,4,1,1,0.36,0.3333,11,222
8/11/2012,11,22,0,4,1,1,0.34,0.303,14,147
8/11/2012,11,23,0,4,1,1,0.34,0.303,5,82
9/11/2012,11,0,0,5,1,1,0.34,0.303,9,46
9/11/2012,11,1,0,5,1,1,0.32,0.303,3,17
9/11/2012,11,2,0,5,1,1,0.32,0.303,1,11
9/11/2012,11,3,0,5,1,1,0.32,0.2879,3,6
9/11/2012,11,4,0,5,1,1,0.32,0.2879,0,14
9/11/2012,11,5,0,5,1,1,0.3,0.2879,2,25
9/11/2012,11,6,0,5,1,1,0.26,0.2727,5,126
9/11/2012,11,7,0,5,1,1,0.26,0.2727,9,332
9/11/2012,11,8,0,5,1,1,0.32,0.3182,25,668
9/11/2012,11,9,0,5,1,1,0.34,0.303,23,304
9/11/2012,11,10,0,5,1,1,0.36,0.3333,34,163
9/11/2012,11,11,0,5,1,1,0.4,0.4091,66,185
9/11/2012,11,12,0,5,1,1,0.44,0.4394,48,214
9/11/2012,11,13,0,5,1,1,0.46,0.4545,62,237
9/11/2012,11,14,0,5,1,1,0.46,0.4545,67,207
9/11/2012,11,15,0,5,1,1,0.46,0.4545,78,278
9/11/2012,11,16,0,5,1,1,0.46,0.4545,57,377
9/11/2012,11,17,0,5,1,1,0.42,0.4242,61,593
9/11/2012,11,18,0,5,1,1,0.42,0.4242,46,450
9/11/2012,11,19,0,5,1,1,0.34,0.3485,30,331
9/11/2012,11,20,0,5,1,1,0.36,0.3485,20,235
9/11/2012,11,21,0,5,1,1,0.34,0.3636,23,176
9/11/2012,11,22,0,5,1,1,0.34,0.3485,17,146
9/11/2012,11,23,0,5,1,1,0.32,0.3333,20,142
10/11/2012,11,0,0,6,0,1,0.32,0.3333,16,106
10/11/2012,11,1,0,6,0,1,0.3,0.3182,8,68
10/11/2012,11,2,0,6,0,1,0.32,0.3485,2,42
10/11/2012,11,3,0,6,0,1,0.3,0.3333,9,11
10/11/2012,11,4,0,6,0,1,0.26,0.2727,2,4
10/11/2012,11,5,0,6,0,1,0.28,0.3182,1,9
10/11/2012,11,6,0,6,0,1,0.24,0.2576,5,11
10/11/2012,11,7,0,6,0,1,0.26,0.2727,14,57
10/11/2012,11,8,0,6,0,1,0.32,0.3485,16,130
10/11/2012,11,9,0,6,0,1,0.36,0.3485,43,216
10/11/2012,11,10,0,6,0,1,0.4,0.4091,86,264
10/11/2012,11,11,0,6,0,1,0.4,0.4091,143,323
10/11/2012,11,12,0,6,0,1,0.48,0.4697,258,348
10/11/2012,11,13,0,6,0,1,0.52,0.5,268,383
10/11/2012,11,14,0,6,0,1,0.54,0.5152,280,347
10/11/2012,11,15,0,6,0,1,0.52,0.5,216,351
10/11/2012,11,16,0,6,0,1,0.54,0.5152,227,378
10/11/2012,11,17,0,6,0,1,0.5,0.4848,183,318
10/11/2012,11,18,0,6,0,1,0.44,0.4394,103,256
10/11/2012,11,19,0,6,0,1,0.46,0.4545,55,228
10/11/2012,11,20,0,6,0,1,0.44,0.4394,39,153
10/11/2012,11,21,0,6,0,1,0.4,0.4091,51,169
10/11/2012,11,22,0,6,0,1,0.38,0.3939,39,154
10/11/2012,11,23,0,6,0,1,0.36,0.3636,26,120
11/11/2012,11,0,0,0,0,1,0.34,0.3485,14,110
11/11/2012,11,1,0,0,0,1,0.34,0.3485,26,82
11/11/2012,11,2,0,0,0,1,0.32,0.3333,12,58
11/11/2012,11,3,0,0,0,1,0.34,0.3636,9,39
11/11/2012,11,4,0,0,0,1,0.32,0.3333,5,6
11/11/2012,11,5,0,0,0,1,0.3,0.303,0,12
11/11/2012,11,6,0,0,0,1,0.3,0.3182,3,16
11/11/2012,11,7,0,0,0,1,0.3,0.3182,12,56
11/11/2012,11,8,0,0,0,1,0.32,0.3333,32,87
11/11/2012,11,9,0,0,0,1,0.36,0.3788,94,179
11/11/2012,11,10,0,0,0,1,0.4,0.4091,133,272
11/11/2012,11,11,0,0,0,1,0.46,0.4545,180,324
11/11/2012,11,12,0,0,0,1,0.5,0.4848,195,390
11/11/2012,11,13,0,0,0,1,0.54,0.5152,262,424
11/11/2012,11,14,0,0,0,1,0.6,0.6212,292,362
11/11/2012,11,15,0,0,0,1,0.56,0.5303,304,420
11/11/2012,11,16,0,0,0,1,0.54,0.5152,260,393
11/11/2012,11,17,0,0,0,1,0.54,0.5152,151,342
11/11/2012,11,18,0,0,0,1,0.52,0.5,102,303
11/11/2012,11,19,0,0,0,1,0.48,0.4697,69,208
11/11/2012,11,20,0,0,0,1,0.44,0.4394,54,146
11/11/2012,11,21,0,0,0,1,0.44,0.4394,44,127
11/11/2012,11,22,0,0,0,1,0.42,0.4242,21,113
11/11/2012,11,23,0,0,0,1,0.42,0.4242,16,93
12/11/2012,11,0,1,1,0,1,0.42,0.4242,6,43
12/11/2012,11,1,1,1,0,1,0.4,0.4091,4,26
12/11/2012,11,2,1,1,0,1,0.4,0.4091,6,14
12/11/2012,11,3,1,1,0,1,0.4,0.4091,1,3
12/11/2012,11,4,1,1,0,1,0.4,0.4091,1,3
12/11/2012,11,5,1,1,0,1,0.38,0.3939,1,23
12/11/2012,11,6,1,1,0,1,0.38,0.3939,7,64
12/11/2012,11,7,1,1,0,1,0.4,0.4091,16,248
12/11/2012,11,8,1,1,0,1,0.42,0.4242,50,490
12/11/2012,11,9,1,1,0,1,0.44,0.4394,60,337
12/11/2012,11,10,1,1,0,1,0.48,0.4697,82,184
12/11/2012,11,11,1,1,0,1,0.52,0.5,112,255
12/11/2012,11,12,1,1,0,1,0.56,0.5303,105,314
12/11/2012,11,13,1,1,0,1,0.6,0.6061,108,312
12/11/2012,11,14,1,1,0,1,0.58,0.5455,134,310
12/11/2012,11,15,1,1,0,1,0.56,0.5303,102,280
12/11/2012,11,16,1,1,0,1,0.56,0.5303,87,347
12/11/2012,11,17,1,1,0,1,0.56,0.5303,66,530
12/11/2012,11,18,1,1,0,1,0.52,0.5,65,486
12/11/2012,11,19,1,1,0,1,0.54,0.5152,30,323
12/11/2012,11,20,1,1,0,2,0.52,0.5,31,273
12/11/2012,11,21,1,1,0,3,0.54,0.5152,10,145
12/11/2012,11,22,1,1,0,1,0.52,0.5,12,100
12/11/2012,11,23,1,1,0,2,0.54,0.5152,1,62
13/11/2012,11,0,0,2,1,2,0.52,0.5,5,18
13/11/2012,11,1,0,2,1,3,0.44,0.4394,0,5
13/11/2012,11,2,0,2,1,3,0.36,0.3182,7,4
13/11/2012,11,3,0,2,1,3,0.36,0.3333,2,3
13/11/2012,11,4,0,2,1,2,0.36,0.3333,0,9
13/11/2012,11,5,0,2,1,2,0.34,0.3182,0,18
13/11/2012,11,6,0,2,1,3,0.32,0.2879,2,48
13/11/2012,11,7,0,2,1,3,0.32,0.303,1,106
13/11/2012,11,8,0,2,1,3,0.32,0.303,4,207
13/11/2012,11,9,0,2,1,3,0.32,0.303,1,109
13/11/2012,11,10,0,2,1,3,0.3,0.2727,10,84
13/11/2012,11,11,0,2,1,1,0.32,0.303,22,133
13/11/2012,11,12,0,2,1,1,0.34,0.3182,16,180
13/11/2012,11,13,0,2,1,1,0.34,0.3182,30,188
13/11/2012,11,14,0,2,1,1,0.38,0.3939,34,169
13/11/2012,11,15,0,2,1,1,0.4,0.4091,33,184
13/11/2012,11,16,0,2,1,1,0.38,0.3939,28,282
13/11/2012,11,17,0,2,1,1,0.34,0.303,33,575
13/11/2012,11,18,0,2,1,1,0.34,0.3182,45,514
13/11/2012,11,19,0,2,1,1,0.32,0.2879,12,344
13/11/2012,11,20,0,2,1,1,0.3,0.2727,12,211
13/11/2012,11,21,0,2,1,1,0.3,0.2727,9,178
13/11/2012,11,22,0,2,1,1,0.26,0.2273,15,120
13/11/2012,11,23,0,2,1,1,0.26,0.2273,6,78
14/11/2012,11,0,0,3,1,1,0.26,0.2424,4,20
14/11/2012,11,1,0,3,1,1,0.24,0.2121,2,10
14/11/2012,11,2,0,3,1,1,0.24,0.2121,0,1
14/11/2012,11,3,0,3,1,1,0.24,0.2273,0,5
14/11/2012,11,4,0,3,1,1,0.22,0.2273,0,6
14/11/2012,11,5,0,3,1,1,0.22,0.2273,0,39
14/11/2012,11,6,0,3,1,1,0.24,0.2273,4,142
14/11/2012,11,7,0,3,1,1,0.24,0.2121,10,405
14/11/2012,11,8,0,3,1,1,0.28,0.2576,27,664
14/11/2012,11,9,0,3,1,1,0.3,0.2727,22,310
14/11/2012,11,10,0,3,1,1,0.32,0.2879,18,153
14/11/2012,11,11,0,3,1,1,0.32,0.303,25,126
14/11/2012,11,12,0,3,1,1,0.34,0.3333,40,200
14/11/2012,11,13,0,3,1,1,0.36,0.3333,32,182
14/11/2012,11,14,0,3,1,1,0.36,0.3485,20,161
14/11/2012,11,15,0,3,1,1,0.36,0.3333,32,228
14/11/2012,11,16,0,3,1,1,0.34,0.3485,31,290
14/11/2012,11,17,0,3,1,1,0.32,0.3182,19,564
14/11/2012,11,18,0,3,1,1,0.32,0.3182,24,543
14/11/2012,11,19,0,3,1,1,0.3,0.303,28,368
14/11/2012,11,20,0,3,1,1,0.3,0.3182,15,252
14/11/2012,11,21,0,3,1,1,0.3,0.3333,5,208
14/11/2012,11,22,0,3,1,1,0.28,0.3182,6,167
14/11/2012,11,23,0,3,1,1,0.24,0.2424,9,78
15/11/2012,11,0,0,4,1,2,0.26,0.303,1,33
15/11/2012,11,1,0,4,1,2,0.26,0.2727,2,14
15/11/2012,11,2,0,4,1,2,0.26,0.2576,0,7
15/11/2012,11,3,0,4,1,2,0.26,0.2879,0,2
15/11/2012,11,4,0,4,1,2,0.28,0.2879,0,5
15/11/2012,11,5,0,4,1,2,0.3,0.2879,3,34
15/11/2012,11,6,0,4,1,2,0.3,0.2879,1,146
15/11/2012,11,7,0,4,1,2,0.3,0.2879,7,403
15/11/2012,11,8,0,4,1,2,0.3,0.2879,21,625
15/11/2012,11,9,0,4,1,2,0.32,0.3182,17,306
15/11/2012,11,10,0,4,1,2,0.32,0.3333,11,142
15/11/2012,11,11,0,4,1,2,0.34,0.3333,28,138
15/11/2012,11,12,0,4,1,2,0.36,0.3636,29,184
15/11/2012,11,13,0,4,1,2,0.38,0.3939,20,197
15/11/2012,11,14,0,4,1,2,0.38,0.3939,27,174
15/11/2012,11,15,0,4,1,2,0.38,0.3939,26,191
15/11/2012,11,16,0,4,1,2,0.36,0.3485,24,318
15/11/2012,11,17,0,4,1,2,0.36,0.3485,22,541
15/11/2012,11,18,0,4,1,2,0.36,0.3485,10,563
15/11/2012,11,19,0,4,1,2,0.34,0.3333,11,375
15/11/2012,11,20,0,4,1,1,0.34,0.3485,23,262
15/11/2012,11,21,0,4,1,2,0.32,0.3333,20,204
15/11/2012,11,22,0,4,1,2,0.32,0.3182,10,143
15/11/2012,11,23,0,4,1,2,0.32,0.3182,7,118
16/11/2012,11,0,0,5,1,2,0.32,0.3333,7,58
16/11/2012,11,1,0,5,1,2,0.3,0.3182,5,16
16/11/2012,11,2,0,5,1,2,0.3,0.303,0,9
16/11/2012,11,3,0,5,1,2,0.3,0.303,0,6
16/11/2012,11,4,0,5,1,2,0.3,0.3182,0,5
16/11/2012,11,5,0,5,1,2,0.3,0.3182,2,34
16/11/2012,11,6,0,5,1,2,0.3,0.3182,4,126
16/11/2012,11,7,0,5,1,2,0.3,0.303,5,362
16/11/2012,11,8,0,5,1,2,0.32,0.3333,17,694
16/11/2012,11,9,0,5,1,1,0.34,0.3485,21,330
16/11/2012,11,10,0,5,1,1,0.34,0.3333,33,165
16/11/2012,11,11,0,5,1,1,0.38,0.3939,33,185
16/11/2012,11,12,0,5,1,1,0.4,0.4091,28,262
16/11/2012,11,13,0,5,1,1,0.42,0.4242,52,226
16/11/2012,11,14,0,5,1,1,0.42,0.4242,47,204
16/11/2012,11,15,0,5,1,1,0.42,0.4242,30,237
16/11/2012,11,16,0,5,1,1,0.42,0.4242,33,350
16/11/2012,11,17,0,5,1,1,0.36,0.3485,41,539
16/11/2012,11,18,0,5,1,1,0.34,0.3333,22,483
16/11/2012,11,19,0,5,1,1,0.36,0.3485,26,306
16/11/2012,11,20,0,5,1,1,0.36,0.3333,20,207
16/11/2012,11,21,0,5,1,1,0.34,0.3333,21,157
16/11/2012,11,22,0,5,1,1,0.32,0.303,23,139
16/11/2012,11,23,0,5,1,1,0.32,0.303,14,114
17/11/2012,11,0,0,6,0,1,0.3,0.303,11,95
17/11/2012,11,1,0,6,0,1,0.26,0.2576,13,74
17/11/2012,11,2,0,6,0,1,0.26,0.2576,8,41
17/11/2012,11,3,0,6,0,1,0.26,0.2576,2,19
17/11/2012,11,4,0,6,0,1,0.24,0.2273,1,6
17/11/2012,11,5,0,6,0,1,0.24,0.2424,1,10
17/11/2012,11,6,0,6,0,1,0.24,0.2273,0,21
17/11/2012,11,7,0,6,0,1,0.24,0.2273,8,70
17/11/2012,11,8,0,6,0,1,0.26,0.2576,30,138
17/11/2012,11,9,0,6,0,1,0.34,0.3182,48,200
17/11/2012,11,10,0,6,0,1,0.36,0.3333,62,258
17/11/2012,11,11,0,6,0,1,0.38,0.3939,80,343
17/11/2012,11,12,0,6,0,1,0.4,0.4091,117,359
17/11/2012,11,13,0,6,0,1,0.42,0.4242,179,346
17/11/2012,11,14,0,6,0,1,0.42,0.4242,175,380
17/11/2012,11,15,0,6,0,1,0.42,0.4242,175,374
17/11/2012,11,16,0,6,0,1,0.4,0.4091,144,325
17/11/2012,11,17,0,6,0,1,0.38,0.3939,101,302
17/11/2012,11,18,0,6,0,1,0.36,0.3636,34,237
17/11/2012,11,19,0,6,0,1,0.34,0.3485,45,208
17/11/2012,11,20,0,6,0,2,0.34,0.3485,30,142
17/11/2012,11,21,0,6,0,2,0.32,0.3333,15,124
17/11/2012,11,22,0,6,0,2,0.32,0.3333,15,130
17/11/2012,11,23,0,6,0,2,0.3,0.3182,19,114
18/11/2012,11,0,0,0,0,2,0.3,0.303,11,118
18/11/2012,11,1,0,0,0,1,0.3,0.2879,14,81
18/11/2012,11,2,0,0,0,1,0.28,0.2879,8,65
18/11/2012,11,3,0,0,0,2,0.3,0.303,9,37
18/11/2012,11,4,0,0,0,2,0.3,0.2879,4,8
18/11/2012,11,5,0,0,0,1,0.28,0.2879,5,7
18/11/2012,11,6,0,0,0,1,0.28,0.2727,2,13
18/11/2012,11,7,0,0,0,1,0.28,0.2727,3,39
18/11/2012,11,8,0,0,0,1,0.3,0.2879,19,100
18/11/2012,11,9,0,0,0,1,0.32,0.303,49,155
18/11/2012,11,10,0,0,0,1,0.34,0.303,79,250
18/11/2012,11,11,0,0,0,1,0.38,0.3939,92,267
18/11/2012,11,12,0,0,0,1,0.4,0.4091,101,341
18/11/2012,11,13,0,0,0,1,0.4,0.4091,113,334
18/11/2012,11,14,0,0,0,1,0.4,0.4091,125,303
18/11/2012,11,15,0,0,0,1,0.42,0.4242,89,318
18/11/2012,11,16,0,0,0,2,0.4,0.4091,59,313
18/11/2012,11,17,0,0,0,2,0.38,0.3939,48,232
18/11/2012,11,18,0,0,0,1,0.36,0.3485,36,240
18/11/2012,11,19,0,0,0,1,0.36,0.3485,16,194
18/11/2012,11,20,0,0,0,1,0.36,0.3485,9,120
18/11/2012,11,21,0,0,0,1,0.36,0.3333,17,93
18/11/2012,11,22,0,0,0,2,0.36,0.3333,8,66
18/11/2012,11,23,0,0,0,1,0.36,0.3485,6,53
19/11/2012,11,0,0,1,1,1,0.36,0.3485,5,22
19/11/2012,11,1,0,1,1,2,0.36,0.3485,0,19
19/11/2012,11,2,0,1,1,2,0.36,0.3333,0,5
19/11/2012,11,3,0,1,1,2,0.36,0.3485,0,2
19/11/2012,11,4,0,1,1,2,0.36,0.3485,1,11
19/11/2012,11,5,0,1,1,2,0.36,0.3485,1,38
19/11/2012,11,6,0,1,1,2,0.36,0.3333,3,128
19/11/2012,11,7,0,1,1,2,0.36,0.3333,5,381
19/11/2012,11,8,0,1,1,2,0.36,0.3333,13,650
19/11/2012,11,9,0,1,1,2,0.36,0.3333,18,260
19/11/2012,11,10,0,1,1,2,0.36,0.3333,33,106
19/11/2012,11,11,0,1,1,2,0.38,0.3939,33,164
19/11/2012,11,12,0,1,1,2,0.4,0.4091,35,207
19/11/2012,11,13,0,1,1,1,0.44,0.4394,46,205
19/11/2012,11,14,0,1,1,1,0.44,0.4394,47,170
19/11/2012,11,15,0,1,1,1,0.44,0.4394,44,213
19/11/2012,11,16,0,1,1,1,0.42,0.4242,55,325
19/11/2012,11,17,0,1,1,2,0.42,0.4242,33,586
19/11/2012,11,18,0,1,1,2,0.4,0.4091,21,559
19/11/2012,11,19,0,1,1,2,0.4,0.4091,25,381
19/11/2012,11,20,0,1,1,2,0.38,0.3939,7,252
19/11/2012,11,21,0,1,1,2,0.38,0.3939,15,188
19/11/2012,11,22,0,1,1,1,0.34,0.3485,7,106
19/11/2012,11,23,0,1,1,1,0.34,0.3485,2,72
20/11/2012,11,0,0,2,1,1,0.32,0.3333,3,26
20/11/2012,11,1,0,2,1,1,0.34,0.3485,3,10
20/11/2012,11,2,0,2,1,2,0.32,0.3333,0,5
20/11/2012,11,3,0,2,1,2,0.34,0.3485,0,2
20/11/2012,11,4,0,2,1,2,0.34,0.3333,0,6
20/11/2012,11,5,0,2,1,2,0.34,0.3333,2,32
20/11/2012,11,6,0,2,1,2,0.34,0.3333,2,146
20/11/2012,11,7,0,2,1,1,0.32,0.3333,7,411
20/11/2012,11,8,0,2,1,1,0.34,0.3333,16,649
20/11/2012,11,9,0,2,1,2,0.36,0.3788,28,298
20/11/2012,11,10,0,2,1,2,0.4,0.4091,32,144
20/11/2012,11,11,0,2,1,2,0.42,0.4242,45,160
20/11/2012,11,12,0,2,1,2,0.42,0.4242,70,243
20/11/2012,11,13,0,2,1,2,0.44,0.4394,49,218
20/11/2012,11,14,0,2,1,2,0.44,0.4394,47,177
20/11/2012,11,15,0,2,1,2,0.46,0.4545,61,226
20/11/2012,11,16,0,2,1,2,0.42,0.4242,60,335
20/11/2012,11,17,0,2,1,2,0.4,0.4091,37,553
20/11/2012,11,18,0,2,1,2,0.4,0.4091,16,534
20/11/2012,11,19,0,2,1,2,0.4,0.4091,23,361
20/11/2012,11,20,0,2,1,2,0.38,0.3939,11,224
20/11/2012,11,21,0,2,1,1,0.36,0.3788,14,143
20/11/2012,11,22,0,2,1,1,0.36,0.3788,7,115
20/11/2012,11,23,0,2,1,1,0.32,0.3333,1,82
21/11/2012,11,0,0,3,1,1,0.34,0.3636,1,25
21/11/2012,11,1,0,3,1,1,0.32,0.3333,1,13
21/11/2012,11,2,0,3,1,1,0.28,0.2879,2,6
21/11/2012,11,3,0,3,1,1,0.28,0.2879,0,2
21/11/2012,11,4,0,3,1,1,0.28,0.2879,0,10
21/11/2012,11,5,0,3,1,1,0.28,0.2879,1,28
21/11/2012,11,6,0,3,1,1,0.28,0.303,2,99
21/11/2012,11,7,0,3,1,1,0.26,0.2879,11,262
21/11/2012,11,8,0,3,1,2,0.28,0.303,12,539
21/11/2012,11,9,0,3,1,1,0.32,0.3333,45,320
21/11/2012,11,10,0,3,1,1,0.36,0.3788,22,150
21/11/2012,11,11,0,3,1,1,0.4,0.4091,43,198
21/11/2012,11,12,0,3,1,1,0.44,0.4394,74,270
21/11/2012,11,13,0,3,1,1,0.44,0.4394,70,295
21/11/2012,11,14,0,3,1,1,0.46,0.4545,84,329
21/11/2012,11,15,0,3,1,1,0.46,0.4545,68,381
21/11/2012,11,16,0,3,1,1,0.44,0.4394,59,410
21/11/2012,11,17,0,3,1,1,0.4,0.4091,41,333
21/11/2012,11,18,0,3,1,1,0.42,0.4242,24,287
21/11/2012,11,19,0,3,1,1,0.38,0.3939,23,220
21/11/2012,11,20,0,3,1,1,0.34,0.3485,11,125
21/11/2012,11,21,0,3,1,1,0.36,0.3788,8,97
21/11/2012,11,22,0,3,1,1,0.34,0.3636,6,82
21/11/2012,11,23,0,3,1,1,0.32,0.3485,7,50
22/11/2012,11,0,1,4,0,1,0.32,0.3333,3,43
22/11/2012,11,1,1,4,0,1,0.28,0.303,5,37
22/11/2012,11,2,1,4,0,1,0.24,0.2576,3,15
22/11/2012,11,3,1,4,0,1,0.24,0.2576,0,6
22/11/2012,11,4,1,4,0,1,0.22,0.2273,1,2
22/11/2012,11,5,1,4,0,1,0.24,0.2576,2,6
22/11/2012,11,6,1,4,0,1,0.26,0.2727,2,15
22/11/2012,11,7,1,4,0,1,0.22,0.2273,7,49
22/11/2012,11,8,1,4,0,1,0.24,0.2424,20,77
22/11/2012,11,9,1,4,0,1,0.3,0.3333,25,94
22/11/2012,11,10,1,4,0,1,0.36,0.3636,65,154
22/11/2012,11,11,1,4,0,1,0.42,0.4242,89,143
22/11/2012,11,12,1,4,0,1,0.44,0.4394,117,145
22/11/2012,11,13,1,4,0,1,0.46,0.4545,125,144
22/11/2012,11,14,1,4,0,1,0.48,0.4697,125,95
22/11/2012,11,15,1,4,0,1,0.48,0.4697,132,96
22/11/2012,11,16,1,4,0,1,0.46,0.4545,101,81
22/11/2012,11,17,1,4,0,1,0.44,0.4394,66,43
22/11/2012,11,18,1,4,0,1,0.4,0.4091,16,54
22/11/2012,11,19,1,4,0,1,0.36,0.3788,13,31
22/11/2012,11,20,1,4,0,1,0.34,0.3636,15,37
22/11/2012,11,21,1,4,0,1,0.34,0.3485,7,39
22/11/2012,11,22,1,4,0,1,0.32,0.3485,8,36
22/11/2012,11,23,1,4,0,1,0.3,0.3333,8,28
23/11/2012,11,0,0,5,1,1,0.28,0.3182,0,32
23/11/2012,11,1,0,5,1,1,0.28,0.303,2,11
23/11/2012,11,2,0,5,1,1,0.26,0.2879,1,4
23/11/2012,11,3,0,5,1,1,0.26,0.303,1,0
23/11/2012,11,4,0,5,1,1,0.24,0.2576,1,3
23/11/2012,11,5,0,5,1,1,0.24,0.2879,0,10
23/11/2012,11,6,0,5,1,1,0.24,0.2879,0,20
23/11/2012,11,7,0,5,1,1,0.24,0.2879,5,72
23/11/2012,11,8,0,5,1,1,0.24,0.2576,11,83
23/11/2012,11,9,0,5,1,1,0.28,0.2879,32,80
23/11/2012,11,10,0,5,1,1,0.34,0.3333,87,114
23/11/2012,11,11,0,5,1,1,0.4,0.4091,121,130
23/11/2012,11,12,0,5,1,1,0.44,0.4394,186,193
23/11/2012,11,13,0,5,1,1,0.46,0.4545,224,200
23/11/2012,11,14,0,5,1,1,0.5,0.4848,240,195
23/11/2012,11,15,0,5,1,1,0.48,0.4697,233,214
23/11/2012,11,16,0,5,1,2,0.48,0.4697,158,199
23/11/2012,11,17,0,5,1,2,0.48,0.4697,117,183
23/11/2012,11,18,0,5,1,2,0.46,0.4545,50,158
23/11/2012,11,19,0,5,1,2,0.46,0.4545,33,121
23/11/2012,11,20,0,5,1,1,0.46,0.4545,42,100
23/11/2012,11,21,0,5,1,1,0.46,0.4545,23,75
23/11/2012,11,22,0,5,1,1,0.44,0.4394,16,63
23/11/2012,11,23,0,5,1,1,0.42,0.4242,20,47
24/11/2012,11,0,0,6,0,1,0.4,0.4091,9,33
24/11/2012,11,1,0,6,0,1,0.34,0.2879,1,19
24/11/2012,11,2,0,6,0,1,0.32,0.2727,10,22
24/11/2012,11,3,0,6,0,1,0.28,0.2576,6,5
24/11/2012,11,4,0,6,0,1,0.26,0.2121,1,2
24/11/2012,11,5,0,6,0,1,0.26,0.2273,1,2
24/11/2012,11,6,0,6,0,1,0.24,0.2121,1,9
24/11/2012,11,7,0,6,0,2,0.26,0.2273,4,21
24/11/2012,11,8,0,6,0,2,0.26,0.2121,7,55
24/11/2012,11,9,0,6,0,2,0.26,0.2121,26,96
24/11/2012,11,10,0,6,0,2,0.26,0.2273,46,96
24/11/2012,11,11,0,6,0,2,0.28,0.2576,55,131
24/11/2012,11,12,0,6,0,2,0.3,0.2576,53,146
24/11/2012,11,13,0,6,0,1,0.32,0.303,64,161
24/11/2012,11,14,0,6,0,1,0.32,0.2879,58,149
24/11/2012,11,15,0,6,0,1,0.3,0.2727,59,139
24/11/2012,11,16,0,6,0,1,0.28,0.2424,43,127
24/11/2012,11,17,0,6,0,1,0.26,0.2273,29,97
24/11/2012,11,18,0,6,0,1,0.26,0.2273,22,123
24/11/2012,11,19,0,6,0,1,0.26,0.2424,9,74
24/11/2012,11,20,0,6,0,1,0.24,0.2121,3,55
24/11/2012,11,21,0,6,0,1,0.24,0.2273,9,66
24/11/2012,11,22,0,6,0,1,0.24,0.2273,7,69
24/11/2012,11,23,0,6,0,1,0.24,0.2273,9,48
25/11/2012,11,0,0,0,0,1,0.22,0.2121,3,31
25/11/2012,11,1,0,0,0,1,0.22,0.2273,4,32
25/11/2012,11,2,0,0,0,1,0.22,0.197,1,27
25/11/2012,11,3,0,0,0,1,0.22,0.2727,0,8
25/11/2012,11,4,0,0,0,1,0.22,0.2727,1,1
25/11/2012,11,5,0,0,0,2,0.22,0.2273,0,3
25/11/2012,11,6,0,0,0,2,0.22,0.2424,1,10
25/11/2012,11,7,0,0,0,2,0.22,0.2424,2,19
25/11/2012,11,8,0,0,0,2,0.22,0.2273,2,32
25/11/2012,11,9,0,0,0,2,0.24,0.2273,13,83
25/11/2012,11,10,0,0,0,1,0.24,0.2273,15,124
25/11/2012,11,11,0,0,0,2,0.26,0.2576,49,155
25/11/2012,11,12,0,0,0,2,0.26,0.2576,37,165
25/11/2012,11,13,0,0,0,2,0.26,0.2576,37,158
25/11/2012,11,14,0,0,0,2,0.3,0.2879,33,170
25/11/2012,11,15,0,0,0,1,0.3,0.2879,36,209
25/11/2012,11,16,0,0,0,1,0.3,0.2879,25,203
25/11/2012,11,17,0,0,0,1,0.28,0.2727,11,170
25/11/2012,11,18,0,0,0,1,0.26,0.2576,9,132
25/11/2012,11,19,0,0,0,1,0.26,0.303,13,114
25/11/2012,11,20,0,0,0,1,0.24,0.2879,9,110
25/11/2012,11,21,0,0,0,1,0.26,0.303,4,60
25/11/2012,11,22,0,0,0,1,0.24,0.2879,3,59
25/11/2012,11,23,0,0,0,1,0.22,0.2576,1,40
26/11/2012,11,0,0,1,1,1,0.22,0.2727,4,19
26/11/2012,11,1,0,1,1,1,0.2,0.2576,1,9
26/11/2012,11,2,0,1,1,1,0.2,0.2576,0,5
26/11/2012,11,3,0,1,1,1,0.2,0.2576,1,4
26/11/2012,11,4,0,1,1,1,0.22,0.2727,0,10
26/11/2012,11,5,0,1,1,1,0.22,0.2273,0,41
26/11/2012,11,6,0,1,1,1,0.22,0.2727,1,123
26/11/2012,11,7,0,1,1,1,0.24,0.2879,2,363
26/11/2012,11,8,0,1,1,1,0.24,0.2879,9,629
26/11/2012,11,9,0,1,1,1,0.28,0.303,10,276
26/11/2012,11,10,0,1,1,1,0.32,0.3485,20,127
26/11/2012,11,11,0,1,1,1,0.4,0.4091,18,112
26/11/2012,11,12,0,1,1,1,0.42,0.4242,22,188
26/11/2012,11,13,0,1,1,1,0.42,0.4242,20,197
26/11/2012,11,14,0,1,1,1,0.42,0.4242,51,177
26/11/2012,11,15,0,1,1,1,0.42,0.4242,49,181
26/11/2012,11,16,0,1,1,1,0.44,0.4394,49,297
26/11/2012,11,17,0,1,1,1,0.42,0.4242,13,540
26/11/2012,11,18,0,1,1,1,0.36,0.3485,19,502
26/11/2012,11,19,0,1,1,1,0.34,0.3636,16,355
26/11/2012,11,20,0,1,1,1,0.34,0.3636,12,265
26/11/2012,11,21,0,1,1,1,0.34,0.3636,9,172
26/11/2012,11,22,0,1,1,1,0.32,0.3485,3,101
26/11/2012,11,23,0,1,1,2,0.32,0.3333,8,57
27/11/2012,11,0,0,2,1,2,0.32,0.3333,2,24
27/11/2012,11,1,0,2,1,2,0.32,0.3333,0,6
27/11/2012,11,2,0,2,1,2,0.32,0.3182,0,5
27/11/2012,11,3,0,2,1,3,0.32,0.3333,1,3
27/11/2012,11,4,0,2,1,3,0.3,0.2879,0,5
27/11/2012,11,5,0,2,1,2,0.3,0.2879,0,31
27/11/2012,11,6,0,2,1,2,0.3,0.303,3,97
27/11/2012,11,7,0,2,1,3,0.3,0.303,4,289
27/11/2012,11,8,0,2,1,3,0.32,0.3182,6,494
27/11/2012,11,9,0,2,1,2,0.32,0.3333,11,257
27/11/2012,11,10,0,2,1,3,0.32,0.3182,5,52
27/11/2012,11,11,0,2,1,3,0.3,0.2727,6,59
27/11/2012,11,12,0,2,1,3,0.28,0.2576,6,70
27/11/2012,11,13,0,2,1,3,0.28,0.2727,4,73
27/11/2012,11,14,0,2,1,3,0.28,0.2576,8,86
27/11/2012,11,15,0,2,1,2,0.3,0.2727,9,146
27/11/2012,11,16,0,2,1,2,0.3,0.2727,5,252
27/11/2012,11,17,0,2,1,2,0.3,0.2727,13,514
27/11/2012,11,18,0,2,1,1,0.26,0.2273,13,469
27/11/2012,11,19,0,2,1,1,0.26,0.2576,12,338
27/11/2012,11,20,0,2,1,1,0.26,0.2273,4,228
27/11/2012,11,21,0,2,1,1,0.24,0.2121,6,179
27/11/2012,11,22,0,2,1,1,0.24,0.2424,2,95
27/11/2012,11,23,0,2,1,2,0.26,0.2424,3,64
28/11/2012,11,0,0,3,1,2,0.26,0.2424,1,22
28/11/2012,11,1,0,3,1,2,0.26,0.2576,0,12
28/11/2012,11,2,0,3,1,2,0.26,0.2576,0,1
28/11/2012,11,3,0,3,1,2,0.26,0.2576,0,3
28/11/2012,11,4,0,3,1,2,0.26,0.2576,0,4
28/11/2012,11,5,0,3,1,2,0.26,0.2727,0,39
28/11/2012,11,6,0,3,1,2,0.26,0.2576,4,132
28/11/2012,11,7,0,3,1,2,0.26,0.2576,6,403
28/11/2012,11,8,0,3,1,1,0.24,0.2121,9,683
28/11/2012,11,9,0,3,1,1,0.28,0.2727,13,309
28/11/2012,11,10,0,3,1,1,0.3,0.3182,17,144
28/11/2012,11,11,0,3,1,1,0.32,0.3182,19,127
28/11/2012,11,12,0,3,1,1,0.34,0.303,19,189
28/11/2012,11,13,0,3,1,1,0.34,0.3333,21,193
28/11/2012,11,14,0,3,1,1,0.36,0.3333,15,161
28/11/2012,11,15,0,3,1,1,0.36,0.3333,7,172
28/11/2012,11,16,0,3,1,1,0.36,0.3333,9,316
28/11/2012,11,17,0,3,1,1,0.34,0.3333,17,546
28/11/2012,11,18,0,3,1,1,0.32,0.303,12,530
28/11/2012,11,19,0,3,1,1,0.32,0.3182,9,378
28/11/2012,11,20,0,3,1,1,0.32,0.3333,5,258
28/11/2012,11,21,0,3,1,1,0.3,0.303,4,219
28/11/2012,11,22,0,3,1,1,0.28,0.2727,6,148
28/11/2012,11,23,0,3,1,1,0.26,0.2727,5,73
29/11/2012,11,0,0,4,1,1,0.24,0.2576,4,25
29/11/2012,11,1,0,4,1,1,0.22,0.2576,1,15
29/11/2012,11,2,0,4,1,1,0.22,0.2727,1,6
29/11/2012,11,4,0,4,1,1,0.2,0.2273,0,7
29/11/2012,11,5,0,4,1,1,0.2,0.2576,0,42
29/11/2012,11,6,0,4,1,1,0.22,0.2727,1,120
29/11/2012,11,7,0,4,1,1,0.2,0.2576,8,354
29/11/2012,11,8,0,4,1,1,0.2,0.2273,15,664
29/11/2012,11,9,0,4,1,1,0.24,0.2879,13,286
29/11/2012,11,10,0,4,1,1,0.28,0.303,25,153
29/11/2012,11,11,0,4,1,1,0.36,0.3485,13,150
29/11/2012,11,12,0,4,1,1,0.36,0.3485,11,225
29/11/2012,11,13,0,4,1,1,0.38,0.3939,15,209
29/11/2012,11,14,0,4,1,1,0.36,0.3485,13,174
29/11/2012,11,15,0,4,1,1,0.36,0.3333,19,201
29/11/2012,11,16,0,4,1,1,0.36,0.3485,24,346
29/11/2012,11,17,0,4,1,1,0.34,0.3333,17,544
29/11/2012,11,18,0,4,1,1,0.32,0.3182,17,520
29/11/2012,11,19,0,4,1,1,0.3,0.2879,18,326
29/11/2012,11,20,0,4,1,1,0.3,0.303,11,241
29/11/2012,11,21,0,4,1,1,0.26,0.2727,7,201
29/11/2012,11,22,0,4,1,1,0.26,0.2879,4,147
29/11/2012,11,23,0,4,1,1,0.28,0.3182,6,124
30/11/2012,11,0,0,5,1,1,0.26,0.2576,4,48
30/11/2012,11,1,0,5,1,1,0.24,0.2576,2,17
30/11/2012,11,2,0,5,1,1,0.24,0.2879,2,10
30/11/2012,11,3,0,5,1,1,0.24,0.2879,0,4
30/11/2012,11,4,0,5,1,1,0.22,0.2727,0,3
30/11/2012,11,5,0,5,1,1,0.2,0.2576,1,39
30/11/2012,11,6,0,5,1,1,0.2,0.2576,2,104
30/11/2012,11,7,0,5,1,1,0.22,0.2727,6,346
30/11/2012,11,8,0,5,1,2,0.22,0.2576,20,709
30/11/2012,11,9,0,5,1,1,0.24,0.2576,17,313
30/11/2012,11,10,0,5,1,2,0.3,0.3333,10,159
30/11/2012,11,11,0,5,1,2,0.34,0.3485,31,170
30/11/2012,11,12,0,5,1,2,0.38,0.3939,25,243
30/11/2012,11,13,0,5,1,2,0.4,0.4091,21,241
30/11/2012,11,14,0,5,1,2,0.4,0.4091,26,225
30/11/2012,11,15,0,5,1,2,0.42,0.4242,34,262
30/11/2012,11,16,0,5,1,1,0.4,0.4091,37,368
30/11/2012,11,17,0,5,1,1,0.36,0.3485,31,551
30/11/2012,11,18,0,5,1,2,0.34,0.3636,20,489
30/11/2012,11,19,0,5,1,1,0.32,0.3485,18,359
30/11/2012,11,20,0,5,1,1,0.32,0.3485,12,233
30/11/2012,11,21,0,5,1,1,0.3,0.3182,14,169
30/11/2012,11,22,0,5,1,1,0.3,0.3333,18,145
30/11/2012,11,23,0,5,1,2,0.3,0.3182,11,99
1/12/2012,12,0,0,6,0,1,0.26,0.303,9,99
1/12/2012,12,1,0,6,0,1,0.26,0.303,5,64
1/12/2012,12,2,0,6,0,2,0.26,0.303,3,47
1/12/2012,12,3,0,6,0,2,0.26,0.2727,1,14
1/12/2012,12,4,0,6,0,1,0.26,0.2879,0,5
1/12/2012,12,5,0,6,0,1,0.24,0.2576,1,12
1/12/2012,12,6,0,6,0,1,0.24,0.2424,7,20
1/12/2012,12,7,0,6,0,2,0.24,0.2424,7,56
1/12/2012,12,8,0,6,0,2,0.24,0.2424,11,133
1/12/2012,12,9,0,6,0,2,0.26,0.2424,34,159
1/12/2012,12,10,0,6,0,2,0.28,0.2727,45,211
1/12/2012,12,11,0,6,0,2,0.32,0.3333,74,318
1/12/2012,12,12,0,6,0,2,0.32,0.3333,119,327
1/12/2012,12,13,0,6,0,2,0.34,0.3636,123,386
1/12/2012,12,14,0,6,0,2,0.36,0.3788,110,369
1/12/2012,12,15,0,6,0,2,0.4,0.4091,113,371
1/12/2012,12,16,0,6,0,2,0.38,0.3939,89,354
1/12/2012,12,17,0,6,0,2,0.34,0.3485,50,270
1/12/2012,12,18,0,6,0,2,0.34,0.3636,42,255
1/12/2012,12,19,0,6,0,2,0.32,0.3485,30,219
1/12/2012,12,20,0,6,0,1,0.32,0.3485,28,170
1/12/2012,12,21,0,6,0,2,0.3,0.3333,23,135
1/12/2012,12,22,0,6,0,2,0.3,0.3333,17,130
1/12/2012,12,23,0,6,0,2,0.32,0.3485,10,116
2/12/2012,12,0,0,0,0,2,0.3,0.3182,9,108
2/12/2012,12,1,0,0,0,2,0.3,0.3182,10,84
2/12/2012,12,2,0,0,0,2,0.3,0.3333,2,72
2/12/2012,12,3,0,0,0,2,0.26,0.303,4,21
2/12/2012,12,4,0,0,0,2,0.26,0.303,1,6
2/12/2012,12,5,0,0,0,2,0.26,0.303,1,7
2/12/2012,12,6,0,0,0,2,0.24,0.2424,1,15
2/12/2012,12,7,0,0,0,2,0.24,0.2424,5,26
2/12/2012,12,8,0,0,0,2,0.26,0.2879,12,81
2/12/2012,12,9,0,0,0,2,0.28,0.2727,37,135
2/12/2012,12,10,0,0,0,2,0.3,0.3333,63,230
2/12/2012,12,11,0,0,0,2,0.32,0.3182,81,274
2/12/2012,12,12,0,0,0,2,0.34,0.3333,111,409
2/12/2012,12,13,0,0,0,1,0.4,0.4091,84,347
2/12/2012,12,14,0,0,0,1,0.44,0.4394,142,331
2/12/2012,12,15,0,0,0,1,0.44,0.4394,106,311
2/12/2012,12,16,0,0,0,2,0.44,0.4394,85,358
2/12/2012,12,17,0,0,0,3,0.4,0.4091,59,244
2/12/2012,12,18,0,0,0,2,0.44,0.4394,25,178
2/12/2012,12,19,0,0,0,2,0.4,0.4091,16,158
2/12/2012,12,20,0,0,0,2,0.42,0.4242,12,142
2/12/2012,12,21,0,0,0,2,0.44,0.4394,8,91
2/12/2012,12,22,0,0,0,2,0.44,0.4394,11,85
2/12/2012,12,23,0,0,0,2,0.42,0.4242,7,44
3/12/2012,12,0,0,1,1,2,0.42,0.4242,3,18
3/12/2012,12,1,0,1,1,1,0.4,0.4091,2,11
3/12/2012,12,2,0,1,1,1,0.42,0.4242,1,9
3/12/2012,12,3,0,1,1,1,0.38,0.3939,2,6
3/12/2012,12,4,0,1,1,1,0.36,0.3788,1,4
3/12/2012,12,5,0,1,1,1,0.34,0.3485,0,38
3/12/2012,12,6,0,1,1,1,0.36,0.3788,2,136
3/12/2012,12,7,0,1,1,2,0.34,0.3636,9,387
3/12/2012,12,8,0,1,1,1,0.36,0.3788,19,712
3/12/2012,12,9,0,1,1,1,0.4,0.4091,19,289
3/12/2012,12,10,0,1,1,1,0.44,0.4394,31,105
3/12/2012,12,11,0,1,1,1,0.48,0.4697,51,182
3/12/2012,12,12,0,1,1,1,0.52,0.5,40,228
3/12/2012,12,13,0,1,1,1,0.58,0.5455,81,240
3/12/2012,12,14,0,1,1,1,0.6,0.6212,51,209
3/12/2012,12,15,0,1,1,1,0.6,0.6212,58,210
3/12/2012,12,16,0,1,1,1,0.6,0.6212,45,397
3/12/2012,12,17,0,1,1,1,0.52,0.5,43,665
3/12/2012,12,18,0,1,1,1,0.5,0.4848,26,666
3/12/2012,12,19,0,1,1,1,0.5,0.4848,27,444
3/12/2012,12,20,0,1,1,2,0.46,0.4545,16,284
3/12/2012,12,21,0,1,1,1,0.44,0.4394,14,207
3/12/2012,12,22,0,1,1,1,0.42,0.4242,5,139
3/12/2012,12,23,0,1,1,1,0.42,0.4242,9,93
4/12/2012,12,0,0,2,1,1,0.42,0.4242,6,49
4/12/2012,12,1,0,2,1,1,0.42,0.4242,3,22
4/12/2012,12,2,0,2,1,1,0.42,0.4242,3,5
4/12/2012,12,3,0,2,1,2,0.4,0.4091,1,3
4/12/2012,12,4,0,2,1,2,0.4,0.4091,0,7
4/12/2012,12,5,0,2,1,2,0.44,0.4394,1,45
4/12/2012,12,6,0,2,1,2,0.36,0.3788,3,150
4/12/2012,12,7,0,2,1,1,0.42,0.4242,7,495
4/12/2012,12,8,0,2,1,2,0.44,0.4394,21,700
4/12/2012,12,9,0,2,1,1,0.46,0.4545,19,317
4/12/2012,12,10,0,2,1,1,0.46,0.4545,26,130
4/12/2012,12,11,0,2,1,1,0.48,0.4697,24,183
4/12/2012,12,12,0,2,1,1,0.52,0.5,39,273
4/12/2012,12,13,0,2,1,2,0.54,0.5152,39,233
4/12/2012,12,14,0,2,1,2,0.58,0.5455,39,231
4/12/2012,12,15,0,2,1,2,0.6,0.6212,56,244
4/12/2012,12,16,0,2,1,1,0.58,0.5455,44,391
4/12/2012,12,17,0,2,1,1,0.52,0.5,43,700
4/12/2012,12,18,0,2,1,1,0.5,0.4848,38,693
4/12/2012,12,19,0,2,1,1,0.48,0.4697,46,414
4/12/2012,12,20,0,2,1,2,0.5,0.4848,34,272
4/12/2012,12,21,0,2,1,2,0.5,0.4848,28,252
4/12/2012,12,22,0,2,1,2,0.5,0.4848,26,155
4/12/2012,12,23,0,2,1,1,0.48,0.4697,5,91
5/12/2012,12,0,0,3,1,1,0.5,0.4848,6,31
5/12/2012,12,1,0,3,1,1,0.52,0.5,0,11
5/12/2012,12,2,0,3,1,1,0.46,0.4545,2,7
5/12/2012,12,3,0,3,1,1,0.48,0.4697,0,7
5/12/2012,12,4,0,3,1,1,0.5,0.4848,1,9
5/12/2012,12,5,0,3,1,1,0.5,0.4848,1,48
5/12/2012,12,6,0,3,1,3,0.48,0.4697,5,119
5/12/2012,12,7,0,3,1,3,0.46,0.4545,9,389
5/12/2012,12,8,0,3,1,2,0.44,0.4394,22,737
5/12/2012,12,9,0,3,1,2,0.44,0.4394,26,362
5/12/2012,12,10,0,3,1,2,0.44,0.4394,14,127
5/12/2012,12,11,0,3,1,1,0.44,0.4394,11,161
5/12/2012,12,12,0,3,1,1,0.44,0.4394,24,208
5/12/2012,12,13,0,3,1,1,0.46,0.4545,14,200
5/12/2012,12,14,0,3,1,1,0.48,0.4697,39,179
5/12/2012,12,15,0,3,1,1,0.48,0.4697,20,265
5/12/2012,12,16,0,3,1,1,0.46,0.4545,23,354
5/12/2012,12,17,0,3,1,1,0.44,0.4394,29,576
5/12/2012,12,18,0,3,1,1,0.42,0.4242,29,580
5/12/2012,12,19,0,3,1,1,0.38,0.3939,14,400
5/12/2012,12,20,0,3,1,1,0.34,0.303,19,274
5/12/2012,12,21,0,3,1,1,0.34,0.303,14,184
5/12/2012,12,22,0,3,1,1,0.32,0.2879,4,101
5/12/2012,12,23,0,3,1,1,0.3,0.2727,5,69
6/12/2012,12,0,0,4,1,1,0.26,0.2424,1,43
6/12/2012,12,1,0,4,1,1,0.26,0.2424,0,16
6/12/2012,12,2,0,4,1,1,0.24,0.2121,0,9
6/12/2012,12,3,0,4,1,1,0.22,0.2273,0,2
6/12/2012,12,4,0,4,1,1,0.22,0.2121,1,8
6/12/2012,12,5,0,4,1,1,0.22,0.2121,0,32
6/12/2012,12,6,0,4,1,1,0.22,0.2121,2,122
6/12/2012,12,7,0,4,1,1,0.22,0.2121,8,381
6/12/2012,12,8,0,4,1,1,0.22,0.2121,13,646
6/12/2012,12,9,0,4,1,1,0.24,0.2273,19,257
6/12/2012,12,10,0,4,1,1,0.24,0.2273,23,122
6/12/2012,12,11,0,4,1,1,0.26,0.2576,16,162
6/12/2012,12,12,0,4,1,1,0.28,0.3182,29,206
6/12/2012,12,13,0,4,1,1,0.3,0.3333,33,212
6/12/2012,12,14,0,4,1,1,0.3,0.3182,37,175
6/12/2012,12,15,0,4,1,1,0.32,0.3485,38,232
6/12/2012,12,16,0,4,1,1,0.32,0.3485,39,292
6/12/2012,12,17,0,4,1,1,0.3,0.3182,31,586
6/12/2012,12,18,0,4,1,1,0.28,0.2727,23,542
6/12/2012,12,19,0,4,1,1,0.26,0.2576,13,360
6/12/2012,12,20,0,4,1,2,0.24,0.2576,5,222
6/12/2012,12,21,0,4,1,2,0.24,0.2424,7,184
6/12/2012,12,22,0,4,1,1,0.24,0.2424,2,131
6/12/2012,12,23,0,4,1,1,0.24,0.2424,0,93
7/12/2012,12,0,0,5,1,1,0.24,0.2576,3,45
7/12/2012,12,1,0,5,1,2,0.24,0.2273,2,26
7/12/2012,12,2,0,5,1,2,0.26,0.2727,0,11
7/12/2012,12,3,0,5,1,2,0.26,0.2576,0,5
7/12/2012,12,4,0,5,1,1,0.26,0.2727,0,10
7/12/2012,12,5,0,5,1,2,0.26,0.2727,1,25
7/12/2012,12,6,0,5,1,2,0.28,0.2727,0,84
7/12/2012,12,7,0,5,1,3,0.28,0.2727,3,212
7/12/2012,12,8,0,5,1,2,0.3,0.2879,11,430
7/12/2012,12,9,0,5,1,2,0.3,0.303,10,291
7/12/2012,12,10,0,5,1,2,0.32,0.3182,16,150
7/12/2012,12,11,0,5,1,2,0.32,0.3182,20,183
7/12/2012,12,12,0,5,1,2,0.34,0.3333,36,204
7/12/2012,12,13,0,5,1,2,0.36,0.3485,23,197
7/12/2012,12,14,0,5,1,2,0.36,0.3485,40,175
7/12/2012,12,15,0,5,1,2,0.36,0.3485,34,269
7/12/2012,12,16,0,5,1,1,0.36,0.3485,39,336
7/12/2012,12,17,0,5,1,2,0.38,0.3939,29,539
7/12/2012,12,18,0,5,1,2,0.38,0.3939,25,473
7/12/2012,12,19,0,5,1,2,0.38,0.3939,15,337
7/12/2012,12,20,0,5,1,3,0.38,0.3939,12,229
7/12/2012,12,21,0,5,1,2,0.36,0.3636,9,162
7/12/2012,12,22,0,5,1,2,0.36,0.3636,15,150
7/12/2012,12,23,0,5,1,2,0.36,0.3636,6,116
8/12/2012,12,0,0,6,0,2,0.36,0.3636,5,98
8/12/2012,12,1,0,6,0,2,0.36,0.3485,16,84
8/12/2012,12,2,0,6,0,2,0.36,0.3485,3,67
8/12/2012,12,3,0,6,0,2,0.36,0.3636,6,23
8/12/2012,12,4,0,6,0,2,0.36,0.3788,3,9
8/12/2012,12,5,0,6,0,2,0.36,0.3636,2,4
8/12/2012,12,6,0,6,0,2,0.36,0.3636,1,19
8/12/2012,12,7,0,6,0,2,0.36,0.3636,3,36
8/12/2012,12,8,0,6,0,2,0.38,0.3939,5,106
8/12/2012,12,9,0,6,0,2,0.38,0.3939,17,153
8/12/2012,12,10,0,6,0,2,0.4,0.4091,43,244
8/12/2012,12,11,0,6,0,2,0.4,0.4091,63,341
8/12/2012,12,12,0,6,0,2,0.4,0.4091,122,364
8/12/2012,12,13,0,6,0,2,0.4,0.4091,148,399
8/12/2012,12,14,0,6,0,2,0.4,0.4091,164,378
8/12/2012,12,15,0,6,0,1,0.42,0.4242,167,374
8/12/2012,12,16,0,6,0,1,0.42,0.4242,139,368
8/12/2012,12,17,0,6,0,1,0.38,0.3939,77,268
8/12/2012,12,18,0,6,0,1,0.4,0.4091,40,264
8/12/2012,12,19,0,6,0,1,0.4,0.4091,34,212
8/12/2012,12,20,0,6,0,2,0.36,0.3788,20,162
8/12/2012,12,21,0,6,0,2,0.36,0.3788,34,175
8/12/2012,12,22,0,6,0,2,0.38,0.3939,23,137
8/12/2012,12,23,0,6,0,2,0.4,0.4091,18,144
9/12/2012,12,0,0,0,0,2,0.4,0.4091,15,103
9/12/2012,12,1,0,0,0,2,0.4,0.4091,17,85
9/12/2012,12,2,0,0,0,2,0.4,0.4091,8,70
9/12/2012,12,3,0,0,0,2,0.4,0.4091,14,34
9/12/2012,12,4,0,0,0,2,0.4,0.4091,1,11
9/12/2012,12,5,0,0,0,2,0.4,0.4091,0,8
9/12/2012,12,6,0,0,0,3,0.4,0.4091,0,6
9/12/2012,12,7,0,0,0,3,0.4,0.4091,1,22
9/12/2012,12,8,0,0,0,3,0.4,0.4091,1,68
9/12/2012,12,9,0,0,0,2,0.4,0.4091,9,94
9/12/2012,12,10,0,0,0,2,0.4,0.4091,39,180
9/12/2012,12,11,0,0,0,2,0.4,0.4091,40,210
9/12/2012,12,12,0,0,0,2,0.4,0.4091,60,255
9/12/2012,12,13,0,0,0,2,0.38,0.3939,65,220
9/12/2012,12,14,0,0,0,2,0.38,0.3939,42,190
9/12/2012,12,15,0,0,0,3,0.36,0.3485,25,200
9/12/2012,12,16,0,0,0,3,0.36,0.3485,33,220
9/12/2012,12,17,0,0,0,3,0.36,0.3485,20,209
9/12/2012,12,18,0,0,0,3,0.36,0.3636,17,181
9/12/2012,12,19,0,0,0,3,0.38,0.3939,12,110
9/12/2012,12,20,0,0,0,3,0.36,0.3636,6,102
9/12/2012,12,21,0,0,0,2,0.36,0.3636,10,86
9/12/2012,12,22,0,0,0,3,0.36,0.3636,3,75
9/12/2012,12,23,0,0,0,3,0.36,0.3636,3,48
10/12/2012,12,0,0,1,1,3,0.36,0.3636,0,20
10/12/2012,12,1,0,1,1,2,0.36,0.3788,0,4
10/12/2012,12,2,0,1,1,2,0.38,0.3939,2,3
10/12/2012,12,3,0,1,1,2,0.38,0.3939,0,4
10/12/2012,12,4,0,1,1,2,0.38,0.3939,3,9
10/12/2012,12,5,0,1,1,2,0.38,0.3939,0,27
10/12/2012,12,6,0,1,1,2,0.38,0.3939,2,121
10/12/2012,12,7,0,1,1,2,0.38,0.3939,3,291
10/12/2012,12,8,0,1,1,2,0.42,0.4242,9,575
10/12/2012,12,9,0,1,1,2,0.42,0.4242,11,273
10/12/2012,12,10,0,1,1,2,0.44,0.4394,12,121
10/12/2012,12,11,0,1,1,3,0.46,0.4545,8,126
10/12/2012,12,12,0,1,1,3,0.44,0.4394,23,150
10/12/2012,12,13,0,1,1,3,0.44,0.4394,30,190
10/12/2012,12,14,0,1,1,2,0.5,0.4848,31,179
10/12/2012,12,15,0,1,1,2,0.5,0.4848,29,207
10/12/2012,12,16,0,1,1,2,0.5,0.4848,37,308
10/12/2012,12,17,0,1,1,2,0.48,0.4697,38,578
10/12/2012,12,18,0,1,1,2,0.46,0.4545,20,544
10/12/2012,12,19,0,1,1,1,0.52,0.5,18,409
10/12/2012,12,20,0,1,1,1,0.46,0.4545,13,287
10/12/2012,12,21,0,1,1,2,0.46,0.4545,21,224
10/12/2012,12,22,0,1,1,2,0.5,0.4848,11,115
10/12/2012,12,23,0,1,1,1,0.46,0.4545,8,76
11/12/2012,12,0,0,2,1,3,0.46,0.4545,2,29
11/12/2012,12,1,0,2,1,1,0.42,0.4242,1,7
11/12/2012,12,2,0,2,1,2,0.4,0.4091,0,1
11/12/2012,12,3,0,2,1,3,0.36,0.3333,0,3
11/12/2012,12,4,0,2,1,2,0.34,0.3182,0,8
11/12/2012,12,5,0,2,1,3,0.34,0.303,1,40
11/12/2012,12,6,0,2,1,2,0.34,0.303,0,118
11/12/2012,12,7,0,2,1,1,0.34,0.303,8,372
11/12/2012,12,8,0,2,1,2,0.34,0.303,16,708
11/12/2012,12,9,0,2,1,1,0.34,0.303,12,322
11/12/2012,12,10,0,2,1,1,0.36,0.3333,12,142
11/12/2012,12,11,0,2,1,2,0.36,0.3333,28,145
11/12/2012,12,12,0,2,1,2,0.36,0.3182,13,213
11/12/2012,12,13,0,2,1,2,0.38,0.3939,28,226
11/12/2012,12,14,0,2,1,2,0.38,0.3939,19,185
11/12/2012,12,15,0,2,1,2,0.38,0.3939,20,250
11/12/2012,12,16,0,2,1,2,0.38,0.3939,24,334
11/12/2012,12,17,0,2,1,1,0.32,0.303,21,580
11/12/2012,12,18,0,2,1,1,0.32,0.303,23,523
11/12/2012,12,19,0,2,1,1,0.32,0.303,21,412
11/12/2012,12,20,0,2,1,1,0.32,0.303,9,248
11/12/2012,12,21,0,2,1,1,0.32,0.3182,14,193
11/12/2012,12,22,0,2,1,1,0.3,0.2879,6,100
11/12/2012,12,23,0,2,1,1,0.3,0.2879,4,60
12/12/2012,12,0,0,3,1,1,0.3,0.303,1,33
12/12/2012,12,1,0,3,1,1,0.28,0.2727,3,18
12/12/2012,12,2,0,3,1,1,0.28,0.2727,5,4
12/12/2012,12,3,0,3,1,1,0.26,0.2727,3,7
12/12/2012,12,4,0,3,1,1,0.26,0.303,0,4
12/12/2012,12,5,0,3,1,1,0.26,0.2576,0,37
12/12/2012,12,6,0,3,1,2,0.26,0.2424,2,126
12/12/2012,12,7,0,3,1,2,0.26,0.2576,3,366
12/12/2012,12,8,0,3,1,2,0.26,0.2576,18,670
12/12/2012,12,9,0,3,1,2,0.28,0.2879,13,272
12/12/2012,12,10,0,3,1,2,0.3,0.303,20,116
12/12/2012,12,11,0,3,1,2,0.32,0.303,24,148
12/12/2012,12,12,0,3,1,2,0.34,0.3636,14,218
12/12/2012,12,13,0,3,1,2,0.34,0.3636,18,220
12/12/2012,12,14,0,3,1,2,0.34,0.3636,34,191
12/12/2012,12,15,0,3,1,2,0.34,0.3485,21,207
12/12/2012,12,16,0,3,1,2,0.34,0.3333,19,310
12/12/2012,12,17,0,3,1,2,0.32,0.303,21,540
12/12/2012,12,18,0,3,1,2,0.32,0.303,25,515
12/12/2012,12,19,0,3,1,2,0.3,0.2879,18,384
12/12/2012,12,20,0,3,1,1,0.3,0.2879,25,243
12/12/2012,12,21,0,3,1,2,0.3,0.2879,16,186
12/12/2012,12,22,0,3,1,2,0.3,0.2879,4,118
12/12/2012,12,23,0,3,1,2,0.28,0.2727,3,76
13/12/2012,12,0,0,4,1,2,0.28,0.2727,1,31
13/12/2012,12,1,0,4,1,2,0.28,0.2576,4,19
13/12/2012,12,2,0,4,1,2,0.26,0.2424,3,5
13/12/2012,12,3,0,4,1,2,0.26,0.2424,0,2
13/12/2012,12,4,0,4,1,2,0.26,0.2576,0,8
13/12/2012,12,5,0,4,1,2,0.26,0.2576,2,31
13/12/2012,12,6,0,4,1,1,0.26,0.2424,2,112
13/12/2012,12,7,0,4,1,1,0.24,0.2273,5,380
13/12/2012,12,8,0,4,1,1,0.24,0.2273,24,655
13/12/2012,12,9,0,4,1,1,0.28,0.2727,25,300
13/12/2012,12,10,0,4,1,1,0.32,0.303,28,139
13/12/2012,12,11,0,4,1,1,0.34,0.3182,25,164
13/12/2012,12,12,0,4,1,1,0.36,0.3333,30,252
13/12/2012,12,13,0,4,1,1,0.36,0.3485,41,230
13/12/2012,12,14,0,4,1,1,0.36,0.3485,31,211
13/12/2012,12,15,0,4,1,1,0.36,0.3485,40,240
13/12/2012,12,16,0,4,1,1,0.34,0.3485,50,356
13/12/2012,12,17,0,4,1,1,0.32,0.3333,43,507
13/12/2012,12,18,0,4,1,1,0.32,0.3333,20,446
13/12/2012,12,19,0,4,1,1,0.3,0.303,20,328
13/12/2012,12,20,0,4,1,1,0.3,0.3333,6,235
13/12/2012,12,21,0,4,1,1,0.28,0.3182,13,200
13/12/2012,12,22,0,4,1,1,0.26,0.2879,7,141
13/12/2012,12,23,0,4,1,1,0.26,0.303,5,115
14/12/2012,12,0,0,5,1,1,0.22,0.2576,4,43
14/12/2012,12,1,0,5,1,1,0.22,0.2576,0,26
14/12/2012,12,2,0,5,1,1,0.22,0.2727,3,6
14/12/2012,12,3,0,5,1,1,0.2,0.2273,0,12
14/12/2012,12,4,0,5,1,1,0.2,0.2273,1,9
14/12/2012,12,5,0,5,1,1,0.2,0.2273,0,34
14/12/2012,12,6,0,5,1,1,0.16,0.1818,1,112
14/12/2012,12,7,0,5,1,1,0.2,0.2121,3,305
14/12/2012,12,8,0,5,1,1,0.2,0.2273,13,623
14/12/2012,12,9,0,5,1,1,0.24,0.2424,13,330
14/12/2012,12,10,0,5,1,1,0.26,0.2576,28,162
14/12/2012,12,11,0,5,1,1,0.32,0.303,31,180
14/12/2012,12,12,0,5,1,1,0.36,0.3485,29,244
14/12/2012,12,13,0,5,1,1,0.36,0.3485,39,274
14/12/2012,12,14,0,5,1,1,0.4,0.4091,48,251
14/12/2012,12,15,0,5,1,1,0.4,0.4091,57,252
14/12/2012,12,16,0,5,1,1,0.38,0.3939,45,372
14/12/2012,12,17,0,5,1,1,0.34,0.3333,40,582
14/12/2012,12,18,0,5,1,1,0.36,0.3485,23,432
14/12/2012,12,19,0,5,1,1,0.34,0.3485,17,302
14/12/2012,12,20,0,5,1,1,0.32,0.3333,12,209
14/12/2012,12,21,0,5,1,1,0.3,0.303,7,165
14/12/2012,12,22,0,5,1,1,0.28,0.2879,4,134
14/12/2012,12,23,0,5,1,1,0.28,0.303,11,123
15/12/2012,12,0,0,6,0,1,0.3,0.3333,4,90
15/12/2012,12,1,0,6,0,2,0.26,0.2879,9,86
15/12/2012,12,2,0,6,0,1,0.26,0.303,6,63
15/12/2012,12,3,0,6,0,2,0.24,0.2879,5,18
15/12/2012,12,4,0,6,0,2,0.24,0.2576,1,5
15/12/2012,12,5,0,6,0,2,0.26,0.303,0,3
15/12/2012,12,6,0,6,0,2,0.24,0.2879,0,11
15/12/2012,12,7,0,6,0,2,0.24,0.2576,1,47
15/12/2012,12,8,0,6,0,2,0.26,0.2879,8,111
15/12/2012,12,9,0,6,0,1,0.26,0.2727,17,203
15/12/2012,12,10,0,6,0,1,0.32,0.3182,23,250
15/12/2012,12,11,0,6,0,1,0.34,0.3485,66,327
15/12/2012,12,12,0,6,0,1,0.38,0.3939,89,364
15/12/2012,12,13,0,6,0,1,0.38,0.3939,88,368
15/12/2012,12,14,0,6,0,1,0.4,0.4091,92,334
15/12/2012,12,15,0,6,0,1,0.42,0.4242,95,352
15/12/2012,12,16,0,6,0,1,0.4,0.4091,85,328
15/12/2012,12,17,0,6,0,1,0.4,0.4091,35,274
15/12/2012,12,18,0,6,0,1,0.38,0.3939,40,232
15/12/2012,12,19,0,6,0,1,0.36,0.3485,32,225
15/12/2012,12,20,0,6,0,2,0.36,0.3485,23,178
15/12/2012,12,21,0,6,0,1,0.36,0.3485,15,169
15/12/2012,12,22,0,6,0,1,0.36,0.3485,22,134
15/12/2012,12,23,0,6,0,2,0.36,0.3485,11,108
16/12/2012,12,0,0,0,0,2,0.36,0.3788,8,102
16/12/2012,12,1,0,0,0,3,0.34,0.3485,14,82
16/12/2012,12,2,0,0,0,2,0.34,0.3485,8,79
16/12/2012,12,3,0,0,0,2,0.34,0.3333,1,37
16/12/2012,12,4,0,0,0,2,0.34,0.3636,1,10
16/12/2012,12,5,0,0,0,2,0.34,0.3636,0,9
16/12/2012,12,6,0,0,0,2,0.34,0.3636,0,6
16/12/2012,12,7,0,0,0,2,0.34,0.3485,5,22
16/12/2012,12,8,0,0,0,2,0.36,0.3485,12,76
16/12/2012,12,9,0,0,0,2,0.36,0.3485,19,113
16/12/2012,12,10,0,0,0,2,0.36,0.3485,42,215
16/12/2012,12,11,0,0,0,2,0.36,0.3485,47,248
16/12/2012,12,12,0,0,0,2,0.38,0.3939,67,350
16/12/2012,12,13,0,0,0,2,0.38,0.3939,67,289
16/12/2012,12,14,0,0,0,2,0.38,0.3939,50,260
16/12/2012,12,15,0,0,0,2,0.38,0.3939,46,292
16/12/2012,12,16,0,0,0,2,0.38,0.3939,66,334
16/12/2012,12,17,0,0,0,2,0.38,0.3939,29,214
16/12/2012,12,18,0,0,0,3,0.38,0.3939,8,99
16/12/2012,12,19,0,0,0,1,0.36,0.3485,10,99
16/12/2012,12,20,0,0,0,2,0.38,0.3939,14,108
16/12/2012,12,21,0,0,0,2,0.36,0.3788,14,92
16/12/2012,12,22,0,0,0,2,0.4,0.4091,6,83
16/12/2012,12,23,0,0,0,2,0.36,0.3485,4,29
17/12/2012,12,0,0,1,1,2,0.38,0.3939,2,26
17/12/2012,12,1,0,1,1,2,0.38,0.3939,1,14
17/12/2012,12,2,0,1,1,2,0.38,0.3939,1,4
17/12/2012,12,3,0,1,1,2,0.36,0.3788,0,3
17/12/2012,12,4,0,1,1,3,0.36,0.3788,2,3
17/12/2012,12,5,0,1,1,2,0.38,0.3939,0,24
17/12/2012,12,6,0,1,1,2,0.36,0.3485,1,107
17/12/2012,12,7,0,1,1,2,0.36,0.3485,5,314
17/12/2012,12,8,0,1,1,2,0.38,0.3939,10,582
17/12/2012,12,9,0,1,1,2,0.4,0.4091,11,271
17/12/2012,12,10,0,1,1,2,0.38,0.3939,15,120
17/12/2012,12,11,0,1,1,2,0.4,0.4091,22,148
17/12/2012,12,12,0,1,1,2,0.4,0.4091,21,211
17/12/2012,12,13,0,1,1,2,0.4,0.4091,16,194
17/12/2012,12,14,0,1,1,2,0.4,0.4091,12,169
17/12/2012,12,15,0,1,1,2,0.42,0.4242,15,196
17/12/2012,12,16,0,1,1,3,0.4,0.4091,15,287
17/12/2012,12,17,0,1,1,2,0.4,0.4091,17,478
17/12/2012,12,18,0,1,1,2,0.4,0.4091,14,493
17/12/2012,12,19,0,1,1,2,0.42,0.4242,7,333
17/12/2012,12,20,0,1,1,2,0.42,0.4242,8,192
17/12/2012,12,21,0,1,1,2,0.42,0.4242,6,114
17/12/2012,12,22,0,1,1,2,0.42,0.4242,5,49
17/12/2012,12,23,0,1,1,3,0.42,0.4242,6,41
18/12/2012,12,0,0,2,1,2,0.44,0.4394,0,18
18/12/2012,12,1,0,2,1,2,0.44,0.4394,0,15
18/12/2012,12,2,0,2,1,2,0.44,0.4394,2,5
18/12/2012,12,3,0,2,1,1,0.42,0.4242,0,5
18/12/2012,12,4,0,2,1,1,0.42,0.4242,3,5
18/12/2012,12,5,0,2,1,1,0.38,0.3939,0,36
18/12/2012,12,6,0,2,1,1,0.36,0.3485,1,117
18/12/2012,12,7,0,2,1,1,0.36,0.3485,4,351
18/12/2012,12,8,0,2,1,1,0.38,0.3939,10,652
18/12/2012,12,9,0,2,1,1,0.4,0.4091,19,307
18/12/2012,12,10,0,2,1,1,0.44,0.4394,22,162
18/12/2012,12,11,0,2,1,1,0.48,0.4697,58,211
18/12/2012,12,12,0,2,1,3,0.48,0.4697,49,264
18/12/2012,12,13,0,2,1,1,0.5,0.4848,51,235
18/12/2012,12,14,0,2,1,1,0.46,0.4545,56,191
18/12/2012,12,15,0,2,1,1,0.46,0.4545,28,218
18/12/2012,12,16,0,2,1,1,0.44,0.4394,40,323
18/12/2012,12,17,0,2,1,1,0.4,0.4091,39,533
18/12/2012,12,18,0,2,1,1,0.38,0.3939,13,512
18/12/2012,12,19,0,2,1,1,0.38,0.3939,19,334
18/12/2012,12,20,0,2,1,1,0.36,0.3333,4,264
18/12/2012,12,21,0,2,1,1,0.36,0.3485,9,159
18/12/2012,12,22,0,2,1,1,0.34,0.3333,5,127
18/12/2012,12,23,0,2,1,1,0.34,0.3485,1,80
19/12/2012,12,0,0,3,1,1,0.3,0.3182,6,35
19/12/2012,12,1,0,3,1,1,0.3,0.3182,1,14
19/12/2012,12,2,0,3,1,1,0.28,0.303,1,2
19/12/2012,12,3,0,3,1,1,0.26,0.2727,0,5
19/12/2012,12,4,0,3,1,1,0.24,0.2424,1,6
19/12/2012,12,5,0,3,1,1,0.26,0.2879,2,29
19/12/2012,12,6,0,3,1,1,0.24,0.2576,3,109
19/12/2012,12,7,0,3,1,1,0.26,0.2727,3,360
19/12/2012,12,8,0,3,1,1,0.24,0.2576,13,665
19/12/2012,12,9,0,3,1,1,0.28,0.2879,8,309
19/12/2012,12,10,0,3,1,1,0.32,0.3333,17,147
19/12/2012,12,11,0,3,1,1,0.4,0.4091,31,169
19/12/2012,12,12,0,3,1,1,0.4,0.4091,33,203
19/12/2012,12,13,0,3,1,1,0.42,0.4242,30,183
19/12/2012,12,14,0,3,1,1,0.42,0.4242,33,185
19/12/2012,12,15,0,3,1,1,0.42,0.4242,28,209
19/12/2012,12,16,0,3,1,1,0.42,0.4242,37,297
19/12/2012,12,17,0,3,1,1,0.4,0.4091,26,536
19/12/2012,12,18,0,3,1,1,0.38,0.3939,23,546
19/12/2012,12,19,0,3,1,1,0.38,0.3939,7,329
19/12/2012,12,20,0,3,1,1,0.36,0.3485,10,231
19/12/2012,12,21,0,3,1,1,0.34,0.3182,4,164
19/12/2012,12,22,0,3,1,1,0.34,0.3485,12,117
19/12/2012,12,23,0,3,1,1,0.32,0.3333,4,84
20/12/2012,12,0,0,4,1,1,0.32,0.3333,2,40
20/12/2012,12,1,0,4,1,1,0.32,0.3485,1,19
20/12/2012,12,2,0,4,1,1,0.32,0.3485,2,6
20/12/2012,12,3,0,4,1,2,0.3,0.3182,1,3
20/12/2012,12,4,0,4,1,2,0.3,0.3182,0,6
20/12/2012,12,5,0,4,1,2,0.3,0.3182,0,35
20/12/2012,12,6,0,4,1,2,0.3,0.3333,4,114
20/12/2012,12,7,0,4,1,2,0.3,0.3333,4,346
20/12/2012,12,8,0,4,1,2,0.3,0.3333,14,585
20/12/2012,12,9,0,4,1,2,0.3,0.3333,14,303
20/12/2012,12,10,0,4,1,2,0.32,0.3333,23,138
20/12/2012,12,11,0,4,1,2,0.34,0.3182,22,168
20/12/2012,12,12,0,4,1,2,0.36,0.3485,31,181
20/12/2012,12,13,0,4,1,2,0.36,0.3485,46,171
20/12/2012,12,14,0,4,1,2,0.36,0.3485,43,171
20/12/2012,12,15,0,4,1,2,0.34,0.3333,33,216
20/12/2012,12,16,0,4,1,2,0.34,0.303,21,281
20/12/2012,12,17,0,4,1,2,0.34,0.3333,25,450
20/12/2012,12,18,0,4,1,2,0.34,0.3333,22,359
20/12/2012,12,19,0,4,1,3,0.34,0.3182,3,115
20/12/2012,12,20,0,4,1,3,0.34,0.3333,1,49
20/12/2012,12,21,0,4,1,3,0.34,0.3333,1,25
20/12/2012,12,22,0,4,1,3,0.34,0.3333,1,20
20/12/2012,12,23,0,4,1,3,0.4,0.4091,0,13